,tilsig
2011-12-31,17.02
2012-01-01,3.59
2012-01-02,9.55
2012-01-03,8.74
2012-01-04,5.84
2012-01-05,5.21
2012-01-06,8.16
2012-01-07,5.21
2012-01-08,3.7
2012-01-09,9.98
2012-01-10,9.59
2012-01-11,11.98
2012-01-12,9.25
2012-01-13,4.88
2012-01-14,2.51
2012-01-15,8.84
2012-01-16,3.25
2012-01-17,8.78
2012-01-18,6.65
2012-01-19,6.77
2012-01-20,4.05
2012-01-21,4.78
2012-01-22,5.17
2012-01-23,1.44
2012-01-24,3.49
2012-01-25,5.54
2012-01-26,
2012-01-27,3.48
2012-01-28,3.47
2012-01-29,3.47
2012-01-30,3.38
2012-01-31,2.77
2012-02-01,1.25
2012-02-02,5.65
2012-02-03,1.4
2012-02-04,5.5
2012-02-05,4.21
2012-02-06,3.45
2012-02-07,3.44
2012-02-08,3.41
2012-02-09,3.26
2012-02-10,3.5700000000000003
2012-02-11,
2012-02-12,3.11
2012-02-13,3.7199999999999998
2012-02-14,3.42
2012-02-15,3.41
2012-02-16,3.41
2012-02-17,9.04
2012-02-18,3.44
2012-02-19,10.32
2012-02-20,4.12
2012-02-21,11.74
2012-02-22,9.14
2012-02-23,11.94
2012-02-24,8.52
2012-02-25,6.08
2012-02-26,7.47
2012-02-27,9.81
2012-02-28,16.85
2012-02-29,24.16
2012-03-01,21.83
2012-03-02,13.83
2012-03-03,8.91
2012-03-04,8.86
2012-03-05,6.03
2012-03-06,8.06
2012-03-07,6.45
2012-03-08,27.53
2012-03-09,24.5
2012-03-10,17.4
2012-03-11,24.5
2012-03-12,42.99
2012-03-13,37.49
2012-03-14,23.58
2012-03-15,23.51
2012-03-16,25.72
2012-03-17,18.66
2012-03-18,17.39
2012-03-19,14.91
2012-03-20,27.49
2012-03-21,42.38
2012-03-22,34.7
2012-03-23,22.02
2012-03-24,21.79
2012-03-25,17.41
2012-03-26,34.64
2012-03-27,55.04
2012-03-28,36.63
2012-03-29,27.15
2012-03-30,13.71
2012-03-31,12.12
2012-04-01,10.47
2012-04-02,5.64
2012-04-03,7.61
2012-04-04,6.6
2012-04-05,5.28
2012-04-06,5.3
2012-04-07,5.04
2012-04-08,8.33
2012-04-09,5.61
2012-04-10,4.53
2012-04-11,11.16
2012-04-12,8.56
2012-04-13,9.5
2012-04-14,7.95
2012-04-15,8.83
2012-04-16,6.76
2012-04-17,6.5600000000000005
2012-04-18,6.0
2012-04-19,7.16
2012-04-20,9.54
2012-04-21,9.23
2012-04-22,11.83
2012-04-23,16.59
2012-04-24,19.26
2012-04-25,33.45
2012-04-26,35.96
2012-04-27,27.67
2012-04-28,18.54
2012-04-29,17.91
2012-04-30,24.94
2012-05-01,26.91
2012-05-02,29.83
2012-05-03,27.49
2012-05-04,21.55
2012-05-05,18.61
2012-05-06,14.17
2012-05-07,13.81
2012-05-08,16.33
2012-05-09,19.02
2012-05-10,25.6
2012-05-11,27.28
2012-05-12,24.91
2012-05-13,47.64
2012-05-14,38.82
2012-05-15,24.27
2012-05-16,21.45
2012-05-17,30.26
2012-05-18,28.19
2012-05-19,30.75
2012-05-20,41.42
2012-05-21,70.71
2012-05-22,108.08
2012-05-23,133.88
2012-05-24,102.98
2012-05-25,123.84
2012-05-26,128.7
2012-05-27,142.47
2012-05-28,94.74
2012-05-29,57.71
2012-05-30,35.58
2012-05-31,29.59
2012-06-01,25.84
2012-06-02,19.37
2012-06-03,23.37
2012-06-04,31.81
2012-06-05,32.68
2012-06-06,35.54
2012-06-07,45.95
2012-06-08,54.74
2012-06-09,60.55
2012-06-10,64.49
2012-06-11,67.87
2012-06-12,72.66
2012-06-13,61.29
2012-06-14,50.94
2012-06-15,48.55
2012-06-16,47.93
2012-06-17,53.71
2012-06-18,47.71
2012-06-19,39.13
2012-06-20,39.04
2012-06-21,54.77
2012-06-22,81.48
2012-06-23,81.51
2012-06-24,76.81
2012-06-25,72.65
2012-06-26,55.58
2012-06-27,49.17
2012-06-28,130.1
2012-06-29,45.63
2012-06-30,127.4
2012-07-01,91.59
2012-07-02,65.83
2012-07-03,68.03
2012-07-04,82.63
2012-07-05,96.14
2012-07-06,104.09
2012-07-07,124.92
2012-07-08,110.78
2012-07-09,121.58
2012-07-10,122.2
2012-07-11,106.81
2012-07-12,90.54
2012-07-13,76.45
2012-07-14,57.32
2012-07-15,58.08
2012-07-16,46.74
2012-07-17,46.06
2012-07-18,34.81
2012-07-19,60.42
2012-07-20,32.65
2012-07-21,64.76
2012-07-22,109.74
2012-07-23,101.41
2012-07-24,77.5
2012-07-25,52.47
2012-07-26,53.31
2012-07-27,92.24
2012-07-28,82.95
2012-07-29,47.61
2012-07-30,47.2
2012-07-31,44.65
2012-08-01,43.33
2012-08-02,56.56
2012-08-03,57.53
2012-08-04,52.58
2012-08-05,46.74
2012-08-06,48.78
2012-08-07,47.56
2012-08-08,39.7
2012-08-09,38.61
2012-08-10,37.79
2012-08-11,45.26
2012-08-12,60.33
2012-08-13,63.78
2012-08-14,58.07
2012-08-15,51.54
2012-08-16,46.85
2012-08-17,71.74
2012-08-18,151.42
2012-08-19,70.04
2012-08-20,62.22
2012-08-21,56.46
2012-08-22,45.09
2012-08-23,41.08
2012-08-24,35.25
2012-08-25,35.48
2012-08-26,24.64
2012-08-27,60.86
2012-08-28,77.15
2012-08-29,97.58
2012-08-30,63.49
2012-08-31,36.97
2012-09-01,74.63
2012-09-02,103.18
2012-09-03,102.91
2012-09-04,137.85
2012-09-05,55.48
2012-09-06,44.88
2012-09-07,48.6
2012-09-08,29.23
2012-09-09,36.26
2012-09-10,97.39
2012-09-11,71.99
2012-09-12,39.79
2012-09-13,89.58
2012-09-14,71.97
2012-09-15,82.41
2012-09-16,92.82
2012-09-17,78.08
2012-09-18,37.85
2012-09-19,29.76
2012-09-20,19.69
2012-09-21,17.84
2012-09-22,13.34
2012-09-23,10.3
2012-09-24,9.93
2012-09-25,8.95
2012-09-26,8.87
2012-09-27,15.48
2012-09-28,9.5
2012-09-29,9.29
2012-09-30,19.48
2012-10-01,28.28
2012-10-02,59.11
2012-10-03,44.46
2012-10-04,25.23
2012-10-05,16.8
2012-10-06,16.79
2012-10-07,22.36
2012-10-08,16.11
2012-10-09,10.46
2012-10-10,9.57
2012-10-11,9.7
2012-10-12,5.26
2012-10-13,4.9
2012-10-14,6.05
2012-10-15,9.06
2012-10-16,6.8100000000000005
2012-10-17,8.83
2012-10-18,21.96
2012-10-19,18.38
2012-10-20,17.79
2012-10-21,16.92
2012-10-22,10.16
2012-10-23,17.3
2012-10-24,12.36
2012-10-25,13.19
2012-10-26,6.7
2012-10-27,6.47
2012-10-28,6.36
2012-10-29,2.71
2012-10-30,6.86
2012-10-31,5.54
2012-11-01,15.51
2012-11-02,9.35
2012-11-03,8.28
2012-11-04,6.16
2012-11-05,8.76
2012-11-06,5.21
2012-11-07,7.53
2012-11-08,5.03
2012-11-09,13.37
2012-11-10,14.97
2012-11-11,10.07
2012-11-12,10.0
2012-11-13,39.08
2012-11-14,58.17
2012-11-15,33.2
2012-11-16,34.27
2012-11-17,35.61
2012-11-18,27.8
2012-11-19,22.82
2012-11-20,41.51
2012-11-21,56.49
2012-11-22,40.75
2012-11-23,36.16
2012-11-24,16.88
2012-11-25,8.62
2012-11-26,5.99
2012-11-27,6.5600000000000005
2012-11-28,5.84
2012-11-29,5.73
2012-11-30,3.3
2012-12-01,3.02
2012-12-02,2.21
2012-12-03,3.41
2012-12-04,1.03
2012-12-05,0.99
2012-12-06,0.97
2012-12-07,1.51
2012-12-08,4.08
2012-12-09,1.3900000000000001
2012-12-10,2.98
2012-12-11,2.07
2012-12-12,4.21
2012-12-13,2.13
2012-12-14,2.43
2012-12-15,2.1
2012-12-16,0.02
2012-12-17,2.16
2012-12-18,0.15
2012-12-19,0.30000000000000004
2012-12-20,0.11
2012-12-21,
2012-12-22,1.24
2012-12-23,2.0
2012-12-24,3.91
2012-12-25,4.08
2012-12-26,2.19
2012-12-27,1.6600000000000001
2012-12-28,11.45
2012-12-29,6.12
2012-12-30,9.23
2012-12-31,3.56
2013-01-01,3.56
2013-01-02,6.75
2013-01-03,7.59
2013-01-04,7.01
2013-01-05,6.55
2013-01-06,4.05
2013-01-07,7.52
2013-01-08,3.92
2013-01-09,3.26
2013-01-10,1.45
2013-01-11,2.59
2013-01-12,1.02
2013-01-13,3.55
2013-01-14,3.46
2013-01-15,1.43
2013-01-16,2.07
2013-01-17,
2013-01-18,2.0
2013-01-19,
2013-01-20,3.5
2013-01-21,0.78
2013-01-22,
2013-01-23,1.21
2013-01-24,
2013-01-25,0.74
2013-01-26,0.59
2013-01-27,3.19
2013-01-28,3.63
2013-01-29,4.63
2013-01-30,2.88
2013-01-31,1.6400000000000001
2013-02-01,3.29
2013-02-02,1.45
2013-02-03,3.95
2013-02-04,3.36
2013-02-05,1.3
2013-02-06,1.21
2013-02-07,0.75
2013-02-08,0.75
2013-02-09,1.16
2013-02-10,2.21
2013-02-11,
2013-02-12,
2013-02-13,
2013-02-14,0.37
2013-02-15,2.35
2013-02-16,5.29
2013-02-17,1.98
2013-02-18,1.75
2013-02-19,3.04
2013-02-20,0.99
2013-02-21,0.78
2013-02-22,
2013-02-23,1.06
2013-02-24,0.88
2013-02-25,1.0
2013-02-26,0.84
2013-02-27,0.76
2013-02-28,0.77
2013-03-01,2.96
2013-03-02,2.74
2013-03-03,0.6900000000000001
2013-03-04,0.48
2013-03-05,2.58
2013-03-06,0.37
2013-03-07,0.4
2013-03-08,0.37
2013-03-09,0.48
2013-03-10,2.9
2013-03-11,
2013-03-12,
2013-03-13,1.13
2013-03-14,0.35000000000000003
2013-03-15,2.02
2013-03-16,0.89
2013-03-17,0.61
2013-03-18,1.34
2013-03-19,
2013-03-20,2.92
2013-03-21,0.27
2013-03-22,2.01
2013-03-23,1.8599999999999999
2013-03-24,0.19
2013-03-25,0.93
2013-03-26,
2013-03-27,2.66
2013-03-28,
2013-03-29,2.42
2013-03-30,
2013-03-31,0.35000000000000003
2013-04-01,1.4100000000000001
2013-04-02,0.77
2013-04-03,
2013-04-04,2.42
2013-04-05,0.12
2013-04-06,
2013-04-07,2.22
2013-04-08,0.8
2013-04-09,0.37
2013-04-10,2.12
2013-04-11,
2013-04-12,0.84
2013-04-13,8.09
2013-04-14,13.87
2013-04-15,26.74
2013-04-16,43.27
2013-04-17,45.46
2013-04-18,38.98
2013-04-19,21.82
2013-04-20,12.12
2013-04-21,12.41
2013-04-22,30.83
2013-04-23,24.12
2013-04-24,15.66
2013-04-25,16.16
2013-04-26,11.7
2013-04-27,12.72
2013-04-28,13.35
2013-04-29,11.68
2013-04-30,12.16
2013-05-01,6.79
2013-05-02,14.84
2013-05-03,4.32
2013-05-04,8.29
2013-05-05,27.11
2013-05-06,66.42
2013-05-07,63.27
2013-05-08,97.44
2013-05-09,89.53
2013-05-10,70.39
2013-05-11,53.29
2013-05-12,42.3
2013-05-13,31.54
2013-05-14,25.79
2013-05-15,98.58
2013-05-16,95.26
2013-05-17,150.81
2013-05-18,160.8
2013-05-19,157.45
2013-05-20,132.86
2013-05-21,121.82
2013-05-22,69.96
2013-05-23,64.7
2013-05-24,57.45
2013-05-25,67.09
2013-05-26,85.06
2013-05-27,86.56
2013-05-28,96.06
2013-05-29,117.14
2013-05-30,133.96
2013-05-31,127.65
2013-06-01,118.57
2013-06-02,72.8
2013-06-03,44.37
2013-06-04,42.48
2013-06-05,44.76
2013-06-06,28.72
2013-06-07,37.83
2013-06-08,37.77
2013-06-09,37.11
2013-06-10,40.38
2013-06-11,50.75
2013-06-12,75.03
2013-06-13,74.48
2013-06-14,54.47
2013-06-15,40.2
2013-06-16,44.62
2013-06-17,44.91
2013-06-18,40.77
2013-06-19,52.65
2013-06-20,56.24
2013-06-21,105.47
2013-06-22,84.07
2013-06-23,107.66
2013-06-24,88.13
2013-06-25,60.96
2013-06-26,67.76
2013-06-27,83.91
2013-06-28,80.15
2013-06-29,55.16
2013-06-30,44.32
2013-07-01,41.65
2013-07-02,36.76
2013-07-03,55.96
2013-07-04,78.77
2013-07-05,78.5
2013-07-06,69.58
2013-07-07,71.44
2013-07-08,60.73
2013-07-09,81.75
2013-07-10,54.21
2013-07-11,40.59
2013-07-12,55.54
2013-07-13,58.62
2013-07-14,65.09
2013-07-15,81.63
2013-07-16,93.83
2013-07-17,117.39
2013-07-18,121.2
2013-07-19,90.4
2013-07-20,86.63
2013-07-21,74.81
2013-07-22,66.21
2013-07-23,74.2
2013-07-24,67.35
2013-07-25,71.55
2013-07-26,76.41
2013-07-27,69.11
2013-07-28,86.18
2013-07-29,88.57
2013-07-30,89.48
2013-07-31,68.05
2013-08-01,62.2
2013-08-02,124.43
2013-08-03,121.89
2013-08-04,106.74
2013-08-05,192.44
2013-08-06,165.66
2013-08-07,92.56
2013-08-08,83.97
2013-08-09,54.42
2013-08-10,42.85
2013-08-11,51.02
2013-08-12,42.71
2013-08-13,33.75
2013-08-14,28.53
2013-08-15,42.24
2013-08-16,63.08
2013-08-17,89.16
2013-08-18,124.32
2013-08-19,78.97
2013-08-20,78.19
2013-08-21,65.4
2013-08-22,46.37
2013-08-23,46.77
2013-08-24,42.39
2013-08-25,40.62
2013-08-26,39.28
2013-08-27,39.97
2013-08-28,28.54
2013-08-29,19.62
2013-08-30,34.18
2013-08-31,33.63
2013-09-01,32.16
2013-09-02,29.57
2013-09-03,27.96
2013-09-04,31.12
2013-09-05,44.15
2013-09-06,50.99
2013-09-07,57.47
2013-09-08,44.49
2013-09-09,37.71
2013-09-10,28.81
2013-09-11,32.43
2013-09-12,41.88
2013-09-13,46.76
2013-09-14,61.3
2013-09-15,135.26
2013-09-16,53.91
2013-09-17,35.66
2013-09-18,29.47
2013-09-19,23.73
2013-09-20,22.48
2013-09-21,24.3
2013-09-22,18.33
2013-09-23,13.01
2013-09-24,11.96
2013-09-25,10.08
2013-09-26,5.69
2013-09-27,8.17
2013-09-28,7.98
2013-09-29,7.68
2013-09-30,4.54
2013-10-01,6.29
2013-10-02,6.09
2013-10-03,9.31
2013-10-04,23.91
2013-10-05,41.58
2013-10-06,178.16
2013-10-07,215.51
2013-10-08,114.75
2013-10-09,45.18
2013-10-10,65.07
2013-10-11,21.23
2013-10-12,24.62
2013-10-13,14.42
2013-10-14,16.6
2013-10-15,13.29
2013-10-16,12.03
2013-10-17,8.12
2013-10-18,6.78
2013-10-19,6.5600000000000005
2013-10-20,2.04
2013-10-21,26.61
2013-10-22,118.74
2013-10-23,91.14
2013-10-24,34.68
2013-10-25,44.79
2013-10-26,42.4
2013-10-27,34.49
2013-10-28,22.46
2013-10-29,15.73
2013-10-30,17.17
2013-10-31,27.75
2013-11-01,30.68
2013-11-02,17.87
2013-11-03,16.28
2013-11-04,12.84
2013-11-05,9.86
2013-11-06,11.12
2013-11-07,12.91
2013-11-08,15.15
2013-11-09,8.73
2013-11-10,8.07
2013-11-11,15.85
2013-11-12,18.23
2013-11-13,10.52
2013-11-14,36.4
2013-11-15,139.23
2013-11-16,72.94
2013-11-17,28.61
2013-11-18,17.56
2013-11-19,14.31
2013-11-20,7.17
2013-11-21,8.59
2013-11-22,7.5
2013-11-23,5.69
2013-11-24,6.46
2013-11-25,7.34
2013-11-26,20.49
2013-11-27,24.44
2013-11-28,13.24
2013-11-29,11.67
2013-11-30,13.1
2013-12-01,10.04
2013-12-02,23.71
2013-12-03,16.5
2013-12-04,18.34
2013-12-05,8.87
2013-12-06,8.98
2013-12-07,9.9
2013-12-08,11.65
2013-12-09,11.53
2013-12-10,16.08
2013-12-11,36.78
2013-12-12,26.82
2013-12-13,17.3
2013-12-14,14.09
2013-12-15,25.56
2013-12-16,23.91
2013-12-17,15.86
2013-12-18,12.8
2013-12-19,13.72
2013-12-20,19.66
2013-12-21,20.59
2013-12-22,13.17
2013-12-23,11.87
2013-12-24,13.16
2013-12-25,27.45
2013-12-26,16.31
2013-12-27,20.02
2013-12-28,22.87
2013-12-29,14.72
2013-12-30,13.29
2013-12-31,12.98
2014-01-01,11.89
2014-01-02,14.11
2014-01-03,11.81
2014-01-04,10.59
2014-01-05,13.03
2014-01-06,15.34
2014-01-07,17.23
2014-01-08,15.86
2014-01-09,10.57
2014-01-10,8.53
2014-01-11,6.6
2014-01-12,6.41
2014-01-13,6.69
2014-01-14,6.53
2014-01-15,5.6
2014-01-16,5.39
2014-01-17,4.04
2014-01-18,4.21
2014-01-19,4.95
2014-01-20,3.85
2014-01-21,4.1
2014-01-22,5.04
2014-01-23,3.92
2014-01-24,4.89
2014-01-25,3.95
2014-01-26,3.18
2014-01-27,3.25
2014-01-28,3.15
2014-01-29,3.16
2014-01-30,2.8200000000000003
2014-01-31,3.34
2014-02-01,2.1
2014-02-02,5.04
2014-02-03,5.14
2014-02-04,4.24
2014-02-05,4.18
2014-02-06,3.7199999999999998
2014-02-07,3.9699999999999998
2014-02-08,4.1
2014-02-09,5.67
2014-02-10,3.17
2014-02-11,2.93
2014-02-12,1.9
2014-02-13,3.71
2014-02-14,4.14
2014-02-15,4.93
2014-02-16,3.07
2014-02-17,2.71
2014-02-18,2.64
2014-02-19,4.89
2014-02-20,2.48
2014-02-21,3.76
2014-02-22,10.98
2014-02-23,25.92
2014-02-24,19.87
2014-02-25,15.14
2014-02-26,10.66
2014-02-27,9.03
2014-02-28,6.37
2014-03-01,6.14
2014-03-02,5.85
2014-03-03,6.6
2014-03-04,5.99
2014-03-05,10.73
2014-03-06,23.89
2014-03-07,17.63
2014-03-08,23.1
2014-03-09,29.73
2014-03-10,16.84
2014-03-11,13.6
2014-03-12,11.13
2014-03-13,1.58
2014-03-14,2.64
2014-03-15,3.23
2014-03-16,9.17
2014-03-17,4.8
2014-03-18,9.84
2014-03-19,24.67
2014-03-20,19.79
2014-03-21,11.16
2014-03-22,8.48
2014-03-23,5.77
2014-03-24,4.8
2014-03-25,4.76
2014-03-26,4.95
2014-03-27,7.15
2014-03-28,10.3
2014-03-29,15.06
2014-03-30,16.7
2014-03-31,12.86
2014-04-01,8.82
2014-04-02,8.02
2014-04-03,7.09
2014-04-04,7.8100000000000005
2014-04-05,10.61
2014-04-06,28.14
2014-04-07,42.93
2014-04-08,32.25
2014-04-09,31.0
2014-04-10,24.55
2014-04-11,24.56
2014-04-12,43.05
2014-04-13,18.81
2014-04-14,10.68
2014-04-15,7.77
2014-04-16,16.68
2014-04-17,10.76
2014-04-18,9.74
2014-04-19,12.32
2014-04-20,15.95
2014-04-21,
2014-04-22,30.49
2014-04-23,34.83
2014-04-24,31.91
2014-04-25,31.68
2014-04-26,34.42
2014-04-27,40.51
2014-04-28,43.04
2014-04-29,34.1
2014-04-30,19.31
2014-05-01,15.04
2014-05-02,12.18
2014-05-03,10.23
2014-05-04,11.62
2014-05-05,19.92
2014-05-06,20.36
2014-05-07,18.6
2014-05-08,16.84
2014-05-09,19.61
2014-05-10,25.07
2014-05-11,26.04
2014-05-12,31.71
2014-05-13,33.39
2014-05-14,35.82
2014-05-15,40.03
2014-05-16,58.27
2014-05-17,59.67
2014-05-18,70.51
2014-05-19,74.67
2014-05-20,81.75
2014-05-21,125.31
2014-05-22,129.58
2014-05-23,109.64
2014-05-24,91.72
2014-05-25,82.62
2014-05-26,71.01
2014-05-27,76.88
2014-05-28,73.94
2014-05-29,75.9
2014-05-30,67.09
2014-05-31,63.89
2014-06-01,68.87
2014-06-02,78.33
2014-06-03,77.13
2014-06-04,85.52
2014-06-05,100.97
2014-06-06,85.58
2014-06-07,89.75
2014-06-08,86.69
2014-06-09,83.95
2014-06-10,118.91
2014-06-11,136.94
2014-06-12,111.98
2014-06-13,82.77
2014-06-14,72.68
2014-06-15,71.95
2014-06-16,57.37
2014-06-17,65.13
2014-06-18,81.89
2014-06-19,59.79
2014-06-20,39.23
2014-06-21,31.94
2014-06-22,30.19
2014-06-23,32.75
2014-06-24,40.82
2014-06-25,45.21
2014-06-26,43.22
2014-06-27,44.4
2014-06-28,43.11
2014-06-29,43.73
2014-06-30,49.65
2014-07-01,53.37
2014-07-02,69.16
2014-07-03,50.9
2014-07-04,76.62
2014-07-05,151.34
2014-07-06,191.16
2014-07-07,135.13
2014-07-08,151.03
2014-07-09,150.48
2014-07-10,138.98
2014-07-11,132.62
2014-07-12,124.44
2014-07-13,108.29
2014-07-14,133.42
2014-07-15,101.49
2014-07-16,80.02
2014-07-17,74.49
2014-07-18,73.62
2014-07-19,79.41
2014-07-20,84.07
2014-07-21,87.45
2014-07-22,91.06
2014-07-23,93.35
2014-07-24,98.05
2014-07-25,81.11
2014-07-26,76.42
2014-07-27,80.04
2014-07-28,72.73
2014-07-29,69.08
2014-07-30,74.22
2014-07-31,70.83
2014-08-01,64.39
2014-08-02,83.05
2014-08-03,83.26
2014-08-04,65.65
2014-08-05,
2014-08-06,53.69
2014-08-07,53.91
2014-08-08,60.42
2014-08-09,89.81
2014-08-10,72.69
2014-08-11,57.82
2014-08-12,49.17
2014-08-13,43.26
2014-08-14,39.58
2014-08-15,34.23
2014-08-16,33.87
2014-08-17,38.09
2014-08-18,41.32
2014-08-19,37.9
2014-08-20,34.55
2014-08-21,30.87
2014-08-22,34.19
2014-08-23,29.33
2014-08-24,29.48
2014-08-25,28.55
2014-08-26,27.56
2014-08-27,28.18
2014-08-28,29.81
2014-08-29,36.85
2014-08-30,35.34
2014-08-31,27.67
2014-09-01,37.85
2014-09-02,35.01
2014-09-03,35.81
2014-09-04,31.71
2014-09-05,36.99
2014-09-06,62.03
2014-09-07,53.35
2014-09-08,47.76
2014-09-09,35.06
2014-09-10,31.52
2014-09-11,35.36
2014-09-12,35.49
2014-09-13,33.02
2014-09-14,29.58
2014-09-15,26.72
2014-09-16,23.08
2014-09-17,21.01
2014-09-18,18.69
2014-09-19,23.21
2014-09-20,23.75
2014-09-21,11.36
2014-09-22,8.69
2014-09-23,9.02
2014-09-24,9.38
2014-09-25,70.1
2014-09-26,122.37
2014-09-27,124.27
2014-09-28,44.39
2014-09-29,23.9
2014-09-30,44.2
2014-10-01,45.77
2014-10-02,25.92
2014-10-03,51.29
2014-10-04,52.54
2014-10-05,38.13
2014-10-06,19.47
2014-10-07,22.37
2014-10-08,25.21
2014-10-09,32.09
2014-10-10,27.59
2014-10-11,22.86
2014-10-12,18.45
2014-10-13,13.35
2014-10-14,10.22
2014-10-15,8.47
2014-10-16,8.32
2014-10-17,15.24
2014-10-18,115.55
2014-10-19,98.09
2014-10-20,38.41
2014-10-21,53.7
2014-10-22,71.43
2014-10-23,164.05
2014-10-24,73.03
2014-10-25,162.62
2014-10-26,160.09
2014-10-27,207.01
2014-10-28,137.71
2014-10-29,137.86
2014-10-30,44.81
2014-10-31,65.95
2014-11-01,65.02
2014-11-02,40.31
2014-11-03,25.35
2014-11-04,18.57
2014-11-05,13.98
2014-11-06,11.12
2014-11-07,11.53
2014-11-08,20.75
2014-11-09,29.32
2014-11-10,16.49
2014-11-11,11.03
2014-11-12,16.86
2014-11-13,14.84
2014-11-14,10.34
2014-11-15,8.73
2014-11-16,7.78
2014-11-17,6.26
2014-11-18,5.52
2014-11-19,4.86
2014-11-20,4.8100000000000005
2014-11-21,4.86
2014-11-22,10.63
2014-11-23,6.11
2014-11-24,8.04
2014-11-25,4.87
2014-11-26,5.1
2014-11-27,4.8100000000000005
2014-11-28,3.84
2014-11-29,4.18
2014-11-30,3.93
2014-12-01,7.35
2014-12-02,4.64
2014-12-03,11.76
2014-12-04,10.76
2014-12-05,8.45
2014-12-06,6.72
2014-12-07,14.1
2014-12-08,8.61
2014-12-09,12.25
2014-12-10,11.45
2014-12-11,6.94
2014-12-12,7.31
2014-12-13,9.25
2014-12-14,13.93
2014-12-15,9.6
2014-12-16,7.3
2014-12-17,9.71
2014-12-18,10.6
2014-12-19,5.63
2014-12-20,9.2
2014-12-21,9.5
2014-12-22,8.73
2014-12-23,3.67
2014-12-24,2.12
2014-12-25,4.33
2014-12-26,2.25
2014-12-27,5.19
2014-12-28,
2014-12-29,2.88
2014-12-30,4.37
2014-12-31,13.85
2015-01-01,16.88
2015-01-02,9.64
2015-01-03,7.12
2015-01-04,4.44
2015-01-05,7.3
2015-01-06,6.83
2015-01-07,14.78
2015-01-08,6.8100000000000005
2015-01-09,14.65
2015-01-10,6.51
2015-01-11,13.1
2015-01-12,10.3
2015-01-13,10.6
2015-01-14,6.26
2015-01-15,11.11
2015-01-16,8.06
2015-01-17,5.33
2015-01-18,3.5300000000000002
2015-01-19,2.44
2015-01-20,3.09
2015-01-21,2.59
2015-01-22,4.46
2015-01-23,5.74
2015-01-24,5.17
2015-01-25,4.78
2015-01-26,4.18
2015-01-27,9.07
2015-01-28,9.16
2015-01-29,4.8
2015-01-30,3.75
2015-01-31,3.42
2015-02-01,2.54
2015-02-02,2.27
2015-02-03,2.37
2015-02-04,1.8599999999999999
2015-02-05,1.9500000000000002
2015-02-06,4.84
2015-02-07,3.52
2015-02-08,2.32
2015-02-09,3.17
2015-02-10,8.9
2015-02-11,9.7
2015-02-12,6.01
2015-02-13,5.33
2015-02-14,4.38
2015-02-15,3.62
2015-02-16,6.89
2015-02-17,9.65
2015-02-18,20.0
2015-02-19,20.74
2015-02-20,14.2
2015-02-21,9.13
2015-02-22,7.77
2015-02-23,6.8100000000000005
2015-02-24,5.17
2015-02-25,7.34
2015-02-26,4.98
2015-02-27,7.45
2015-02-28,7.5
2015-03-01,9.89
2015-03-02,6.98
2015-03-03,5.0
2015-03-04,10.32
2015-03-05,6.35
2015-03-06,39.96
2015-03-07,94.2
2015-03-08,47.05
2015-03-09,45.17
2015-03-10,32.68
2015-03-11,17.98
2015-03-12,11.74
2015-03-13,9.69
2015-03-14,8.13
2015-03-15,6.55
2015-03-16,6.63
2015-03-17,6.45
2015-03-18,7.8
2015-03-19,10.7
2015-03-20,7.97
2015-03-21,11.57
2015-03-22,11.25
2015-03-23,8.91
2015-03-24,7.52
2015-03-25,6.4
2015-03-26,5.34
2015-03-27,6.07
2015-03-28,7.36
2015-03-29,5.87
2015-03-30,6.6
2015-03-31,6.32
2015-04-01,5.54
2015-04-02,5.7
2015-04-03,5.35
2015-04-04,6.07
2015-04-05,5.24
2015-04-06,6.37
2015-04-07,16.47
2015-04-08,13.1
2015-04-09,21.19
2015-04-10,21.69
2015-04-11,23.38
2015-04-12,16.37
2015-04-13,15.83
2015-04-14,14.47
2015-04-15,11.52
2015-04-16,9.93
2015-04-17,10.74
2015-04-18,12.49
2015-04-19,16.37
2015-04-20,22.02
2015-04-21,25.32
2015-04-22,30.83
2015-04-23,20.79
2015-04-24,19.74
2015-04-25,15.65
2015-04-26,13.84
2015-04-27,12.85
2015-04-28,13.5
2015-04-29,13.52
2015-04-30,11.59
2015-05-01,12.81
2015-05-02,13.25
2015-05-03,14.35
2015-05-04,25.87
2015-05-05,51.03
2015-05-06,49.24
2015-05-07,38.16
2015-05-08,27.53
2015-05-09,22.17
2015-05-10,39.29
2015-05-11,59.07
2015-05-12,50.84
2015-05-13,44.21
2015-05-14,34.07
2015-05-15,29.8
2015-05-16,24.3
2015-05-17,24.85
2015-05-18,28.69
2015-05-19,28.19
2015-05-20,32.68
2015-05-21,67.01
2015-05-22,54.16
2015-05-23,35.76
2015-05-24,26.13
2015-05-25,32.05
2015-05-26,33.9
2015-05-27,35.67
2015-05-28,37.02
2015-05-29,33.53
2015-05-30,32.4
2015-05-31,46.19
2015-06-01,40.12
2015-06-02,37.82
2015-06-03,44.72
2015-06-04,40.32
2015-06-05,69.13
2015-06-06,79.79
2015-06-07,51.66
2015-06-08,43.45
2015-06-09,40.26
2015-06-10,77.34
2015-06-11,64.09
2015-06-12,61.48
2015-06-13,51.12
2015-06-14,35.8
2015-06-15,34.0
2015-06-16,36.23
2015-06-17,36.11
2015-06-18,53.83
2015-06-19,66.24
2015-06-20,66.09
2015-06-21,82.34
2015-06-22,92.39
2015-06-23,85.22
2015-06-24,58.93
2015-06-25,45.92
2015-06-26,59.2
2015-06-27,71.68
2015-06-28,76.19
2015-06-29,69.0
2015-06-30,76.66
2015-07-01,114.48
2015-07-02,140.49
2015-07-03,141.04
2015-07-04,129.92
2015-07-05,154.55
2015-07-06,124.29
2015-07-07,95.07
2015-07-08,77.67
2015-07-09,60.82
2015-07-10,50.57
2015-07-11,62.05
2015-07-12,80.4
2015-07-13,67.14
2015-07-14,66.94
2015-07-15,60.07
2015-07-16,46.48
2015-07-17,75.0
2015-07-18,83.71
2015-07-19,60.42
2015-07-20,63.51
2015-07-21,84.7
2015-07-22,67.41
2015-07-23,50.93
2015-07-24,48.16
2015-07-25,50.39
2015-07-26,52.12
2015-07-27,45.43
2015-07-28,46.77
2015-07-29,56.47
2015-07-30,48.8
2015-07-31,36.08
2015-08-01,30.01
2015-08-02,30.61
2015-08-03,38.29
2015-08-04,81.48
2015-08-05,68.64
2015-08-06,96.18
2015-08-07,74.14
2015-08-08,54.4
2015-08-09,59.83
2015-08-10,103.98
2015-08-11,88.55
2015-08-12,52.02
2015-08-13,47.32
2015-08-14,82.0
2015-08-15,91.97
2015-08-16,97.5
2015-08-17,73.6
2015-08-18,64.36
2015-08-19,65.71
2015-08-20,67.84
2015-08-21,70.0
2015-08-22,66.47
2015-08-23,69.61
2015-08-24,114.79
2015-08-25,139.32
2015-08-26,120.12
2015-08-27,84.14
2015-08-28,84.72
2015-08-29,80.83
2015-08-30,61.72
2015-08-31,42.09
2015-09-01,35.8
2015-09-02,36.36
2015-09-03,33.05
2015-09-04,37.29
2015-09-05,25.14
2015-09-06,21.89
2015-09-07,23.58
2015-09-08,28.71
2015-09-09,28.05
2015-09-10,26.85
2015-09-11,32.08
2015-09-12,55.78
2015-09-13,107.82
2015-09-14,83.81
2015-09-15,98.92
2015-09-16,45.34
2015-09-17,38.68
2015-09-18,42.7
2015-09-19,31.34
2015-09-20,21.83
2015-09-21,18.43
2015-09-22,18.78
2015-09-23,31.86
2015-09-24,52.24
2015-09-25,30.95
2015-09-26,20.87
2015-09-27,15.45
2015-09-28,13.37
2015-09-29,19.31
2015-09-30,31.62
2015-10-01,38.95
2015-10-02,30.84
2015-10-03,22.57
2015-10-04,16.11
2015-10-05,15.1
2015-10-06,12.03
2015-10-07,10.5
2015-10-08,9.37
2015-10-09,8.3
2015-10-10,7.9
2015-10-11,7.35
2015-10-12,7.0
2015-10-13,5.99
2015-10-14,5.65
2015-10-15,4.42
2015-10-16,5.41
2015-10-17,4.17
2015-10-18,4.63
2015-10-19,4.16
2015-10-20,7.44
2015-10-21,54.56
2015-10-22,60.33
2015-10-23,28.25
2015-10-24,45.46
2015-10-25,30.47
2015-10-26,20.97
2015-10-27,14.37
2015-10-28,9.95
2015-10-29,12.14
2015-10-30,41.59
2015-10-31,57.02
2015-11-01,35.04
2015-11-02,28.33
2015-11-03,30.02
2015-11-04,20.42
2015-11-05,18.19
2015-11-06,50.74
2015-11-07,23.92
2015-11-08,46.94
2015-11-09,42.69
2015-11-10,41.9
2015-11-11,28.13
2015-11-12,30.84
2015-11-13,30.86
2015-11-14,26.11
2015-11-15,23.76
2015-11-16,20.73
2015-11-17,15.6
2015-11-18,8.64
2015-11-19,8.66
2015-11-20,5.92
2015-11-21,5.96
2015-11-22,6.19
2015-11-23,7.13
2015-11-24,5.71
2015-11-25,8.65
2015-11-26,94.38
2015-11-27,65.87
2015-11-28,26.43
2015-11-29,20.7
2015-11-30,13.39
2015-12-01,15.59
2015-12-02,10.77
2015-12-03,13.71
2015-12-04,37.72
2015-12-05,37.47
2015-12-06,20.2
2015-12-07,16.15
2015-12-08,29.83
2015-12-09,
2015-12-10,31.19
2015-12-11,14.56
2015-12-12,9.45
2015-12-13,7.65
2015-12-14,5.43
2015-12-15,5.57
2015-12-16,14.11
2015-12-17,46.71
2015-12-18,65.62
2015-12-19,166.53
2015-12-20,106.09
2015-12-21,49.71
2015-12-22,41.75
2015-12-23,33.26
2015-12-24,44.06
2015-12-25,18.73
2015-12-26,14.03
2015-12-27,9.44
2015-12-28,8.54
2015-12-29,8.84
2015-12-30,19.48
2015-12-31,15.08
2016-01-01,9.56
2016-01-02,6.96
2016-01-03,4.35
2016-01-04,4.53
2016-01-05,3.34
2016-01-06,3.92
2016-01-07,3.22
2016-01-08,3.37
2016-01-09,4.36
2016-01-10,3.05
2016-01-11,2.94
2016-01-12,2.77
2016-01-13,2.7800000000000002
2016-01-14,3.76
2016-01-15,2.84
2016-01-16,1.98
2016-01-17,4.45
2016-01-18,1.07
2016-01-19,1.57
2016-01-20,2.39
2016-01-21,2.32
2016-01-22,4.6
2016-01-23,3.5700000000000003
2016-01-24,4.09
2016-01-25,17.38
2016-01-26,12.21
2016-01-27,8.48
2016-01-28,18.14
2016-01-29,17.31
2016-01-30,8.09
2016-01-31,11.15
2016-02-01,7.68
2016-02-02,4.84
2016-02-03,4.49
2016-02-04,6.23
2016-02-05,6.36
2016-02-06,7.64
2016-02-07,6.46
2016-02-08,6.47
2016-02-09,3.85
2016-02-10,2.35
2016-02-11,2.26
2016-02-12,3.5
2016-02-13,2.47
2016-02-14,1.9100000000000001
2016-02-15,3.48
2016-02-16,3.22
2016-02-17,3.56
2016-02-18,2.19
2016-02-19,4.33
2016-02-20,5.2
2016-02-21,4.11
2016-02-22,2.58
2016-02-23,3.73
2016-02-24,2.41
2016-02-25,1.5899999999999999
2016-02-26,2.33
2016-02-27,2.32
2016-02-28,2.11
2016-02-29,3.39
2016-03-01,3.34
2016-03-02,1.82
2016-03-03,2.29
2016-03-04,2.36
2016-03-05,2.27
2016-03-06,1.63
2016-03-07,2.0
2016-03-08,1.6800000000000002
2016-03-09,1.9500000000000002
2016-03-10,1.94
2016-03-11,2.2
2016-03-12,2.68
2016-03-13,2.61
2016-03-14,3.47
2016-03-15,4.69
2016-03-16,6.6
2016-03-17,9.0
2016-03-18,8.32
2016-03-19,8.23
2016-03-20,8.44
2016-03-21,5.72
2016-03-22,6.06
2016-03-23,5.25
2016-03-24,4.44
2016-03-25,7.08
2016-03-26,17.66
2016-03-27,19.49
2016-03-28,23.76
2016-03-29,16.65
2016-03-30,10.13
2016-03-31,8.81
2016-04-01,10.8
2016-04-02,6.38
2016-04-03,8.71
2016-04-04,22.66
2016-04-05,24.41
2016-04-06,20.22
2016-04-07,17.42
2016-04-08,11.72
2016-04-09,9.34
2016-04-10,11.38
2016-04-11,6.08
2016-04-12,1.33
2016-04-13,8.66
2016-04-14,11.77
2016-04-15,10.4
2016-04-16,10.86
2016-04-17,10.59
2016-04-18,10.59
2016-04-19,13.6
2016-04-20,15.31
2016-04-21,14.27
2016-04-22,10.63
2016-04-23,9.07
2016-04-24,8.36
2016-04-25,6.3
2016-04-26,6.38
2016-04-27,6.24
2016-04-28,8.21
2016-04-29,10.81
2016-04-30,12.59
2016-05-01,12.57
2016-05-02,25.24
2016-05-03,22.95
2016-05-04,21.16
2016-05-05,21.37
2016-05-06,27.07
2016-05-07,53.33
2016-05-08,68.08
2016-05-09,74.65
2016-05-10,72.26
2016-05-11,60.85
2016-05-12,41.24
2016-05-13,25.81
2016-05-14,23.73
2016-05-15,25.27
2016-05-16,28.44
2016-05-17,29.17
2016-05-18,31.68
2016-05-19,55.4
2016-05-20,58.4
2016-05-21,89.26
2016-05-22,82.83
2016-05-23,64.66
2016-05-24,54.61
2016-05-25,50.96
2016-05-26,52.77
2016-05-27,63.57
2016-05-28,58.2
2016-05-29,82.19
2016-05-30,136.62
2016-05-31,128.02
2016-06-01,134.69
2016-06-02,136.14
2016-06-03,112.45
2016-06-04,95.0
2016-06-05,97.59
2016-06-06,106.04
2016-06-07,94.29
2016-06-08,57.15
2016-06-09,40.57
2016-06-10,40.2
2016-06-11,45.31
2016-06-12,51.29
2016-06-13,55.51
2016-06-14,58.99
2016-06-15,61.13
2016-06-16,68.75
2016-06-17,79.61
2016-06-18,58.96
2016-06-19,55.34
2016-06-20,71.94
2016-06-21,54.84
2016-06-22,58.67
2016-06-23,76.91
2016-06-24,92.13
2016-06-25,103.45
2016-06-26,117.27
2016-06-27,88.05
2016-06-28,64.21
2016-06-29,106.71
2016-06-30,89.95
2016-07-01,98.88
2016-07-02,79.1
2016-07-03,51.42
2016-07-04,47.77
2016-07-05,44.53
2016-07-06,35.71
2016-07-07,36.41
2016-07-08,47.54
2016-07-09,49.77
2016-07-10,68.68
2016-07-11,64.84
2016-07-12,70.73
2016-07-13,68.86
2016-07-14,57.99
2016-07-15,72.62
2016-07-16,80.76
2016-07-17,57.47
2016-07-18,51.19
2016-07-19,64.17
2016-07-20,84.33
2016-07-21,95.14
2016-07-22,92.09
2016-07-23,79.5
2016-07-24,81.7
2016-07-25,105.36
2016-07-26,97.8
2016-07-27,130.1
2016-07-28,107.16
2016-07-29,89.38
2016-07-30,67.39
2016-07-31,57.89
2016-08-01,56.38
2016-08-02,49.81
2016-08-03,49.4
2016-08-04,50.91
2016-08-05,57.19
2016-08-06,50.35
2016-08-07,93.47
2016-08-08,112.76
2016-08-09,57.17
2016-08-10,37.18
2016-08-11,52.15
2016-08-12,84.63
2016-08-13,68.17
2016-08-14,57.01
2016-08-15,48.1
2016-08-16,51.4
2016-08-17,47.22
2016-08-18,65.69
2016-08-19,47.52
2016-08-20,49.05
2016-08-21,44.62
2016-08-22,44.93
2016-08-23,52.68
2016-08-24,51.47
2016-08-25,140.65
2016-08-26,122.44
2016-08-27,62.15
2016-08-28,61.2
2016-08-29,82.34
2016-08-30,109.21
2016-08-31,146.45
2016-09-01,127.57
2016-09-02,98.56
2016-09-03,68.17
2016-09-04,39.87
2016-09-05,61.25
2016-09-06,67.73
2016-09-07,46.32
2016-09-08,61.6
2016-09-09,77.93
2016-09-10,73.95
2016-09-11,46.96
2016-09-12,48.59
2016-09-13,59.9
2016-09-14,66.47
2016-09-15,59.35
2016-09-16,58.39
2016-09-17,50.75
2016-09-18,45.96
2016-09-19,37.72
2016-09-20,38.0
2016-09-21,44.65
2016-09-22,48.33
2016-09-23,34.5
2016-09-24,37.53
2016-09-25,50.74
2016-09-26,68.52
2016-09-27,153.44
2016-09-28,149.22
2016-09-29,113.38
2016-09-30,55.5
2016-10-01,28.51
2016-10-02,18.87
2016-10-03,15.44
2016-10-04,12.83
2016-10-05,11.39
2016-10-06,9.46
2016-10-07,8.84
2016-10-08,7.77
2016-10-09,8.12
2016-10-10,7.16
2016-10-11,7.44
2016-10-12,5.51
2016-10-13,5.75
2016-10-14,4.97
2016-10-15,4.49
2016-10-16,5.41
2016-10-17,5.53
2016-10-18,4.87
2016-10-19,4.59
2016-10-20,4.02
2016-10-21,3.24
2016-10-22,3.8200000000000003
2016-10-23,3.29
2016-10-24,2.86
2016-10-25,7.49
2016-10-26,46.25
2016-10-27,56.19
2016-10-28,22.75
2016-10-29,14.72
2016-10-30,28.76
2016-10-31,21.38
2016-11-01,14.31
2016-11-02,11.59
2016-11-03,6.8100000000000005
2016-11-04,6.93
2016-11-05,6.14
2016-11-06,3.45
2016-11-07,5.0
2016-11-08,2.83
2016-11-09,2.61
2016-11-10,2.38
2016-11-11,5.91
2016-11-12,4.61
2016-11-13,7.37
2016-11-14,30.25
2016-11-15,28.99
2016-11-16,17.29
2016-11-17,10.57
2016-11-18,9.77
2016-11-19,7.15
2016-11-20,5.93
2016-11-21,9.38
2016-11-22,12.16
2016-11-23,10.73
2016-11-24,33.9
2016-11-25,65.1
2016-11-26,20.3
2016-11-27,13.73
2016-11-28,10.26
2016-11-29,9.45
2016-11-30,7.58
2016-12-01,6.0
2016-12-02,6.0
2016-12-03,6.45
2016-12-04,12.05
2016-12-05,4.01
2016-12-06,9.78
2016-12-07,94.89
2016-12-08,72.25
2016-12-09,39.09
2016-12-10,24.92
2016-12-11,15.07
2016-12-12,11.7
2016-12-13,6.89
2016-12-14,9.13
2016-12-15,8.48
2016-12-16,12.77
2016-12-17,10.7
2016-12-18,11.11
2016-12-19,27.4
2016-12-20,21.62
2016-12-21,25.84
2016-12-22,20.44
2016-12-23,21.7
2016-12-24,31.1
2016-12-25,32.67
2016-12-26,14.31
2016-12-27,7.3
2016-12-28,11.12
2016-12-29,75.69
2016-12-30,58.58
2016-12-31,21.78
2017-01-01,14.61
2017-01-02,18.22
2017-01-03,4.06
2017-01-04,7.23
2017-01-05,9.26
2017-01-06,5.87
2017-01-07,11.64
2017-01-08,4.71
2017-01-09,12.5
2017-01-10,15.18
2017-01-11,13.21
2017-01-12,4.9
2017-01-13,5.05
2017-01-14,2.91
2017-01-15,3.5700000000000003
2017-01-16,5.63
2017-01-17,12.18
2017-01-18,35.23
2017-01-19,89.29
2017-01-20,43.24
2017-01-21,22.01
2017-01-22,10.24
2017-01-23,9.6
2017-01-24,8.61
2017-01-25,16.56
2017-01-26,10.72
2017-01-27,10.06
2017-01-28,7.44
2017-01-29,6.67
2017-01-30,5.18
2017-01-31,5.76
2017-02-01,5.98
2017-02-02,5.25
2017-02-03,4.95
2017-02-04,4.51
2017-02-05,3.12
2017-02-06,3.02
2017-02-07,3.79
2017-02-08,
2017-02-09,6.18
2017-02-10,3.5300000000000002
2017-02-11,0.9500000000000001
2017-02-12,2.69
2017-02-13,3.65
2017-02-14,0.30000000000000004
2017-02-15,3.96
2017-02-16,2.55
2017-02-17,7.54
2017-02-18,3.71
2017-02-19,17.63
2017-02-20,15.55
2017-02-21,11.09
2017-02-22,5.32
2017-02-23,4.31
2017-02-24,7.67
2017-02-25,4.54
2017-02-26,5.13
2017-02-27,5.13
2017-02-28,2.2800000000000002
2017-03-01,1.9100000000000001
2017-03-02,1.0
2017-03-03,2.35
2017-03-04,
2017-03-05,3.31
2017-03-06,0.8
2017-03-07,0.4
2017-03-08,4.98
2017-03-09,2.8
2017-03-10,2.85
2017-03-11,2.0
2017-03-12,3.34
2017-03-13,16.1
2017-03-14,17.88
2017-03-15,19.34
2017-03-16,16.06
2017-03-17,6.75
2017-03-18,9.62
2017-03-19,4.65
2017-03-20,6.99
2017-03-21,2.25
2017-03-22,3.15
2017-03-23,4.72
2017-03-24,4.29
2017-03-25,9.17
2017-03-26,19.07
2017-03-27,18.18
2017-03-28,11.99
2017-03-29,12.55
2017-03-30,12.35
2017-03-31,34.9
2017-04-01,37.69
2017-04-02,25.1
2017-04-03,29.2
2017-04-04,37.58
2017-04-05,22.64
2017-04-06,22.97
2017-04-07,32.69
2017-04-08,32.28
2017-04-09,28.32
2017-04-10,16.24
2017-04-11,13.9
2017-04-12,10.36
2017-04-13,6.45
2017-04-14,7.38
2017-04-15,9.73
2017-04-16,5.11
2017-04-17,6.97
2017-04-18,8.38
2017-04-19,10.49
2017-04-20,16.43
2017-04-21,10.35
2017-04-22,10.19
2017-04-23,6.45
2017-04-24,5.41
2017-04-25,6.85
2017-04-26,6.5
2017-04-27,5.83
2017-04-28,8.1
2017-04-29,5.96
2017-04-30,10.03
2017-05-01,12.51
2017-05-02,17.62
2017-05-03,21.31
2017-05-04,26.17
2017-05-05,47.45
2017-05-06,49.84
2017-05-07,36.22
2017-05-08,22.32
2017-05-09,16.55
2017-05-10,13.22
2017-05-11,13.24
2017-05-12,14.85
2017-05-13,24.56
2017-05-14,36.68
2017-05-15,73.2
2017-05-16,101.31
2017-05-17,125.35
2017-05-18,101.96
2017-05-19,105.1
2017-05-20,111.91
2017-05-21,69.67
2017-05-22,56.89
2017-05-23,55.21
2017-05-24,59.78
2017-05-25,79.86
2017-05-26,105.58
2017-05-27,105.9
2017-05-28,94.28
2017-05-29,96.7
2017-05-30,72.23
2017-05-31,42.65
2017-06-01,34.85
2017-06-02,53.26
2017-06-03,66.34
2017-06-04,54.03
2017-06-05,61.76
2017-06-06,96.3
2017-06-07,104.24
2017-06-08,74.21
2017-06-09,78.83
2017-06-10,82.04
2017-06-11,77.85
2017-06-12,71.4
2017-06-13,57.99
2017-06-14,52.76
2017-06-15,73.07
2017-06-16,64.56
2017-06-17,91.22
2017-06-18,90.81
2017-06-19,67.23
2017-06-20,48.14
2017-06-21,39.67
2017-06-22,57.11
2017-06-23,65.87
2017-06-24,47.34
2017-06-25,41.3
2017-06-26,30.2
2017-06-27,33.65
2017-06-28,42.56
2017-06-29,50.28
2017-06-30,55.26
2017-07-01,56.52
2017-07-02,63.13
2017-07-03,44.72
2017-07-04,35.99
2017-07-05,32.86
2017-07-06,34.41
2017-07-07,59.07
2017-07-08,46.63
2017-07-09,46.11
2017-07-10,46.15
2017-07-11,46.39
2017-07-12,41.38
2017-07-13,31.63
2017-07-14,33.87
2017-07-15,75.61
2017-07-16,88.94
2017-07-17,54.13
2017-07-18,38.88
2017-07-19,41.74
2017-07-20,51.44
2017-07-21,58.94
2017-07-22,63.0
2017-07-23,81.03
2017-07-24,63.18
2017-07-25,58.36
2017-07-26,73.32
2017-07-27,88.81
2017-07-28,58.75
2017-07-29,58.42
2017-07-30,86.89
2017-07-31,90.89
2017-08-01,67.83
2017-08-02,56.75
2017-08-03,62.63
2017-08-04,57.97
2017-08-05,58.52
2017-08-06,61.84
2017-08-07,52.68
2017-08-08,43.16
2017-08-09,50.8
2017-08-10,77.77
2017-08-11,100.57
2017-08-12,57.88
2017-08-13,45.88
2017-08-14,43.78
2017-08-15,78.16
2017-08-16,61.8
2017-08-17,90.61
2017-08-18,65.32
2017-08-19,60.22
2017-08-20,53.24
2017-08-21,41.4
2017-08-22,33.11
2017-08-23,30.17
2017-08-24,26.03
2017-08-25,23.54
2017-08-26,22.35
2017-08-27,36.27
2017-08-28,73.98
2017-08-29,45.98
2017-08-30,32.58
2017-08-31,28.19
2017-09-01,26.19
2017-09-02,21.73
2017-09-03,23.56
2017-09-04,47.61
2017-09-05,120.73
2017-09-06,75.31
2017-09-07,48.29
2017-09-08,38.63
2017-09-09,35.14
2017-09-10,69.33
2017-09-11,73.58
2017-09-12,51.72
2017-09-13,31.04
2017-09-14,26.44
2017-09-15,21.8
2017-09-16,21.53
2017-09-17,18.32
2017-09-18,18.71
2017-09-19,42.13
2017-09-20,29.82
2017-09-21,33.75
2017-09-22,28.67
2017-09-23,26.3
2017-09-24,31.28
2017-09-25,28.04
2017-09-26,
2017-09-27,33.42
2017-09-28,20.06
2017-09-29,44.35
2017-09-30,63.81
2017-10-01,152.35
2017-10-02,103.28
2017-10-03,78.05
2017-10-04,28.94
2017-10-05,23.13
2017-10-06,19.47
2017-10-07,15.12
2017-10-08,9.13
2017-10-09,14.09
2017-10-10,25.33
2017-10-11,22.96
2017-10-12,51.7
2017-10-13,81.14
2017-10-14,108.74
2017-10-15,83.72
2017-10-16,52.94
2017-10-17,33.5
2017-10-18,17.46
2017-10-19,18.43
2017-10-20,13.86
2017-10-21,15.39
2017-10-22,9.78
2017-10-23,18.57
2017-10-24,22.16
2017-10-25,34.63
2017-10-26,28.07
2017-10-27,58.07
2017-10-28,21.8
2017-10-29,9.21
2017-10-30,8.92
2017-10-31,51.95
2017-11-01,44.95
2017-11-02,19.2
2017-11-03,22.02
2017-11-04,19.34
2017-11-05,13.12
2017-11-06,11.91
2017-11-07,8.34
2017-11-08,41.45
2017-11-09,25.13
2017-11-10,13.04
2017-11-11,10.33
2017-11-12,8.21
2017-11-13,7.14
2017-11-14,17.39
2017-11-15,11.98
2017-11-16,16.48
2017-11-17,19.36
2017-11-18,6.73
2017-11-19,8.16
2017-11-20,2.35
2017-11-21,11.02
2017-11-22,11.22
2017-11-23,14.32
2017-11-24,14.95
2017-11-25,6.26
2017-11-26,3.86
2017-11-27,5.39
2017-11-28,2.99
2017-11-29,2.62
2017-11-30,4.42
2017-12-01,6.65
2017-12-02,4.26
2017-12-03,5.73
2017-12-04,6.67
2017-12-05,11.9
2017-12-06,27.08
2017-12-07,22.17
2017-12-08,11.69
2017-12-09,8.88
2017-12-10,6.25
2017-12-11,4.59
2017-12-12,6.38
2017-12-13,6.4
2017-12-14,0.43
2017-12-15,4.36
2017-12-16,4.79
2017-12-17,5.17
2017-12-18,5.46
2017-12-19,15.53
2017-12-20,18.58
2017-12-21,23.32
2017-12-22,50.42
2017-12-23,30.99
2017-12-24,19.15
2017-12-25,18.43
2017-12-26,11.27
2017-12-27,7.98
2017-12-28,7.41
2017-12-29,6.96
2017-12-30,4.89
2017-12-31,11.3
2018-01-01,4.87
2018-01-02,5.62
2018-01-03,3.34
2018-01-04,3.02
2018-01-05,3.12
2018-01-06,5.49
2018-01-07,4.66
2018-01-08,0.4
2018-01-09,4.14
2018-01-10,1.67
2018-01-11,4.52
2018-01-12,2.21
2018-01-13,3.9699999999999998
2018-01-14,1.72
2018-01-15,3.98
2018-01-16,2.86
2018-01-17,2.52
2018-01-18,2.58
2018-01-19,2.31
2018-01-20,2.0
2018-01-21,1.6099999999999999
2018-01-22,9.06
2018-01-23,4.82
2018-01-24,14.68
2018-01-25,5.7
2018-01-26,3.69
2018-01-27,7.91
2018-01-28,6.3
2018-01-29,5.22
2018-01-30,6.86
2018-01-31,2.73
2018-02-01,3.83
2018-02-02,1.72
2018-02-03,3.62
2018-02-04,1.62
2018-02-05,3.6
2018-02-06,1.51
2018-02-07,6.11
2018-02-08,5.05
2018-02-09,4.38
2018-02-10,2.47
2018-02-11,2.06
2018-02-12,2.18
2018-02-13,4.43
2018-02-14,1.6800000000000002
2018-02-15,2.32
2018-02-16,1.55
2018-02-17,3.37
2018-02-18,
2018-02-19,1.46
2018-02-20,2.1
2018-02-21,2.7199999999999998
2018-02-22,
2018-02-23,
2018-02-24,0.64
2018-02-25,1.96
2018-02-26,1.35
2018-02-27,
2018-02-28,0.12
2018-03-01,2.02
2018-03-02,1.63
2018-03-03,3.3
2018-03-04,2.07
2018-03-05,1.46
2018-03-06,1.6400000000000001
2018-03-07,1.22
2018-03-08,1.24
2018-03-09,1.18
2018-03-10,3.02
2018-03-11,1.45
2018-03-12,0.9500000000000001
2018-03-13,2.92
2018-03-14,0.58
2018-03-15,0.93
2018-03-16,2.81
2018-03-17,
2018-03-18,3.15
2018-03-19,2.73
2018-03-20,
2018-03-21,2.37
2018-03-22,
2018-03-23,1.32
2018-03-24,7.16
2018-03-25,3.9699999999999998
2018-03-26,1.43
2018-03-27,3.2
2018-03-28,0.92
2018-03-29,0.79
2018-03-30,2.8200000000000003
2018-03-31,0.6900000000000001
2018-04-01,2.7
2018-04-02,0.15
2018-04-03,3.18
2018-04-04,1.62
2018-04-05,0.9
2018-04-06,0.5700000000000001
2018-04-07,2.2800000000000002
2018-04-08,7.65
2018-04-09,5.09
2018-04-10,6.5600000000000005
2018-04-11,5.5600000000000005
2018-04-12,8.33
2018-04-13,11.34
2018-04-14,24.28
2018-04-15,31.39
2018-04-16,33.08
2018-04-17,43.83
2018-04-18,43.68
2018-04-19,75.78
2018-04-20,69.39
2018-04-21,48.2
2018-04-22,68.5
2018-04-23,53.59
2018-04-24,37.1
2018-04-25,29.46
2018-04-26,26.83
2018-04-27,26.17
2018-04-28,24.88
2018-04-29,
2018-04-30,24.98
2018-05-01,21.33
2018-05-02,32.17
2018-05-03,30.27
2018-05-04,40.97
2018-05-05,94.54
2018-05-06,119.17
2018-05-07,92.34
2018-05-08,130.58
2018-05-09,191.64
2018-05-10,160.08
2018-05-11,100.45
2018-05-12,88.33
2018-05-13,112.46
2018-05-14,124.27
2018-05-15,114.25
2018-05-16,76.47
2018-05-17,48.87
2018-05-18,51.79
2018-05-19,51.07
2018-05-20,80.07
2018-05-21,78.23
2018-05-22,71.42
2018-05-23,73.4
2018-05-24,74.3
2018-05-25,73.24
2018-05-26,74.77
2018-05-27,87.06
2018-05-28,95.14
2018-05-29,114.01
2018-05-30,127.8
2018-05-31,126.67
2018-06-01,120.09
2018-06-02,121.77
2018-06-03,103.54
2018-06-04,69.08
2018-06-05,52.7
2018-06-06,61.69
2018-06-07,60.98
2018-06-08,67.62
2018-06-09,79.2
2018-06-10,86.14
2018-06-11,65.91
2018-06-12,51.76
2018-06-13,82.45
2018-06-14,117.04
2018-06-15,60.61
2018-06-16,43.94
2018-06-17,49.06
2018-06-18,109.02
2018-06-19,50.83
2018-06-20,30.35
2018-06-21,20.82
2018-06-22,19.72
2018-06-23,24.35
2018-06-24,37.58
2018-06-25,39.23
2018-06-26,37.07
2018-06-27,49.35
2018-06-28,43.86
2018-06-29,38.45
2018-06-30,41.37
2018-07-01,50.32
2018-07-02,47.17
2018-07-03,58.88
2018-07-04,72.42
2018-07-05,
2018-07-06,42.65
2018-07-07,43.06
2018-07-08,46.28
2018-07-09,49.46
2018-07-10,61.34
2018-07-11,61.24
2018-07-12,63.01
2018-07-13,55.65
2018-07-14,55.29
2018-07-15,65.89
2018-07-16,71.82
2018-07-17,98.48
2018-07-18,71.46
2018-07-19,63.81
2018-07-20,58.25
2018-07-21,51.29
2018-07-22,61.9
2018-07-23,78.18
2018-07-24,113.42
2018-07-25,69.57
2018-07-26,72.56
2018-07-27,96.43
2018-07-28,153.58
2018-07-29,106.44
2018-07-30,169.26
2018-07-31,145.87
2018-08-01,89.14
2018-08-02,85.86
2018-08-03,81.87
2018-08-04,80.5
2018-08-05,55.54
2018-08-06,62.9
2018-08-07,67.86
2018-08-08,61.72
2018-08-09,93.52
2018-08-10,83.69
2018-08-11,42.83
2018-08-12,31.95
2018-08-13,32.76
2018-08-14,41.85
2018-08-15,157.31
2018-08-16,105.0
2018-08-17,155.42
2018-08-18,124.77
2018-08-19,64.59
2018-08-20,49.17
2018-08-21,116.97
2018-08-22,65.97
2018-08-23,46.94
2018-08-24,34.88
2018-08-25,23.12
2018-08-26,28.53
2018-08-27,28.17
2018-08-28,35.49
2018-08-29,44.69
2018-08-30,28.83
2018-08-31,26.33
2018-09-01,27.21
2018-09-02,36.23
2018-09-03,33.35
2018-09-04,34.58
2018-09-05,50.68
2018-09-06,57.61
2018-09-07,53.4
2018-09-08,46.02
2018-09-09,83.64
2018-09-10,119.08
2018-09-11,162.68
2018-09-12,114.89
2018-09-13,99.11
2018-09-14,67.08
2018-09-15,51.13
2018-09-16,66.74
2018-09-17,151.67
2018-09-18,149.8
2018-09-19,133.94
2018-09-20,104.69
2018-09-21,120.43
2018-09-22,57.79
2018-09-23,22.88
2018-09-24,29.61
2018-09-25,175.5
2018-09-26,59.76
2018-09-27,28.15
2018-09-28,49.56
2018-09-29,59.66
2018-09-30,22.51
2018-10-01,21.81
2018-10-02,15.96
2018-10-03,38.0
2018-10-04,81.59
2018-10-05,39.5
2018-10-06,20.9
2018-10-07,29.99
2018-10-08,174.21
2018-10-09,140.04
2018-10-10,64.51
2018-10-11,52.36
2018-10-12,282.26
2018-10-13,324.34
2018-10-14,124.79
2018-10-15,63.76
2018-10-16,63.65
2018-10-17,55.88
2018-10-18,33.15
2018-10-19,24.89
2018-10-20,105.46
2018-10-21,73.09
2018-10-22,46.41
2018-10-23,28.65
2018-10-24,23.99
2018-10-25,20.26
2018-10-26,10.94
2018-10-27,
2018-10-28,13.86
2018-10-29,10.95
2018-10-30,12.97
2018-10-31,12.11
2018-11-01,31.28
2018-11-02,20.87
2018-11-03,14.38
2018-11-04,19.78
2018-11-05,15.28
2018-11-06,11.16
2018-11-07,16.98
2018-11-08,18.77
2018-11-09,16.24
2018-11-10,32.92
2018-11-11,36.18
2018-11-12,29.45
2018-11-13,19.19
2018-11-14,34.19
2018-11-15,37.89
2018-11-16,30.39
2018-11-17,17.35
2018-11-18,13.56
2018-11-19,6.9
2018-11-20,8.76
2018-11-21,6.62
2018-11-22,2.88
2018-11-23,2.52
2018-11-24,3.87
2018-11-25,3.11
2018-11-26,
2018-11-27,5.8
2018-11-28,5.38
2018-11-29,0.16
2018-11-30,7.89
2018-12-01,9.03
2018-12-02,7.38
2018-12-03,4.49
2018-12-04,4.33
2018-12-05,4.4
2018-12-06,6.69
2018-12-07,4.7
2018-12-08,1.9100000000000001
2018-12-09,3.69
2018-12-10,1.5
2018-12-11,3.39
2018-12-12,
2018-12-13,1.02
2018-12-14,1.55
2018-12-15,
2018-12-16,4.43
2018-12-17,0.76
2018-12-18,2.22
2018-12-19,
2018-12-20,2.19
2018-12-21,4.68
2018-12-22,1.75
2018-12-23,5.45
2018-12-24,2.21
2018-12-25,3.52
2018-12-26,6.14
2018-12-27,3.8
2018-12-28,3.54
2018-12-29,6.72
2018-12-30,16.35
2018-12-31,45.93
2019-01-01,8.03
2019-01-02,4.98
2019-01-03,6.77
2019-01-04,15.66
2019-01-05,9.95
2019-01-06,12.07
2019-01-07,4.85
2019-01-08,2.63
2019-01-09,8.72
2019-01-10,2.38
2019-01-11,4.2
2019-01-12,4.37
2019-01-13,6.44
2019-01-14,9.74
2019-01-15,3.69
2019-01-16,2.41
2019-01-17,6.63
2019-01-18,2.2800000000000002
2019-01-19,4.04
2019-01-20,3.75
2019-01-21,3.47
2019-01-22,2.76
2019-01-23,0.9500000000000001
2019-01-24,3.22
2019-01-25,0.9
2019-01-26,2.84
2019-01-27,0.53
2019-01-28,4.02
2019-01-29,1.99
2019-01-30,1.21
2019-01-31,1.28
2019-02-01,1.34
2019-02-02,3.22
2019-02-03,1.3
2019-02-04,1.22
2019-02-05,5.69
2019-02-06,0.8300000000000001
2019-02-07,1.35
2019-02-08,3.31
2019-02-09,1.09
2019-02-10,1.07
2019-02-11,8.32
2019-02-12,6.48
2019-02-13,9.34
2019-02-14,18.62
2019-02-15,11.61
2019-02-16,13.01
2019-02-17,5.5
2019-02-18,14.14
2019-02-19,10.02
2019-02-20,5.83
2019-02-21,5.47
2019-02-22,6.21
2019-02-23,22.16
2019-02-24,12.07
2019-02-25,10.8
2019-02-26,6.3
2019-02-27,8.33
2019-02-28,5.39
2019-03-01,5.41
2019-03-02,78.1
2019-03-03,
2019-03-04,3.76
2019-03-05,3.5
2019-03-06,5.47
2019-03-07,2.38
2019-03-08,1.96
2019-03-09,1.6099999999999999
2019-03-10,3.22
2019-03-11,0.2
2019-03-12,4.03
2019-03-13,
2019-03-14,3.15
2019-03-15,1.08
2019-03-16,2.77
2019-03-17,1.34
2019-03-18,3.02
2019-03-19,5.82
2019-03-20,17.91
2019-03-21,12.63
2019-03-22,21.45
2019-03-23,12.69
2019-03-24,7.2
2019-03-25,7.99
2019-03-26,6.34
2019-03-27,12.11
2019-03-28,76.89
2019-03-29,50.52
2019-03-30,21.54
2019-03-31,10.15
2019-04-01,5.0
2019-04-02,3.58
2019-04-03,5.26
2019-04-04,7.37
2019-04-05,10.58
2019-04-06,13.13
2019-04-07,9.1
2019-04-08,9.59
2019-04-09,7.78
2019-04-10,5.94
2019-04-11,6.44
2019-04-12,5.77
2019-04-13,9.48
2019-04-14,8.08
2019-04-15,9.46
2019-04-16,15.07
2019-04-17,13.64
2019-04-18,16.49
2019-04-19,17.23
2019-04-20,29.3
2019-04-21,34.96
2019-04-22,42.64
2019-04-23,45.08
2019-04-24,62.0
2019-04-25,88.91
2019-04-26,75.07
2019-04-27,86.99
2019-04-28,74.56
2019-04-29,77.0
2019-04-30,65.58
2019-05-01,37.14
2019-05-02,18.28
2019-05-03,15.68
2019-05-04,10.94
2019-05-05,7.22
2019-05-06,8.11
2019-05-07,5.84
2019-05-08,9.36
2019-05-09,22.88
2019-05-10,19.39
2019-05-11,12.13
2019-05-12,11.44
2019-05-13,11.06
2019-05-14,17.72
2019-05-15,26.53
2019-05-16,45.6
2019-05-17,55.66
2019-05-18,119.17
2019-05-19,
2019-05-20,75.65
2019-05-21,119.35
2019-05-22,
2019-05-23,65.66
2019-05-24,49.63
2019-05-25,35.95
2019-05-26,29.09
2019-05-27,21.44
2019-05-28,14.39
2019-05-29,22.15
2019-05-30,18.29
2019-05-31,24.71
2019-06-01,27.19
2019-06-02,91.79
2019-06-03,78.16
2019-06-04,56.09
2019-06-05,67.98
2019-06-06,118.1
2019-06-07,86.81
2019-06-08,89.5
2019-06-09,85.11
2019-06-10,52.35
2019-06-11,58.18
2019-06-12,56.37
2019-06-13,62.44
2019-06-14,64.49
2019-06-15,76.5
2019-06-16,72.27
2019-06-17,93.1
2019-06-18,65.23
2019-06-19,
2019-06-20,
2019-06-21,52.38
2019-06-22,42.88
2019-06-23,
2019-06-24,60.73
2019-06-25,55.96
2019-06-26,
2019-06-27,
2019-06-28,55.72
2019-06-29,109.19
2019-06-30,142.27
2019-07-01,77.28
2019-07-02,46.74
2019-07-03,48.43
2019-07-04,30.92
2019-07-05,28.58
2019-07-06,25.8
2019-07-07,31.6
2019-07-08,30.54
2019-07-09,34.04
2019-07-10,42.4
2019-07-11,52.64
2019-07-12,57.88
2019-07-13,51.17
2019-07-14,47.15
2019-07-15,44.27
2019-07-16,44.92
2019-07-17,49.01
2019-07-18,71.83
2019-07-19,62.47
2019-07-20,95.76
2019-07-21,66.52
2019-07-22,78.67
2019-07-23,81.94
2019-07-24,92.26
2019-07-25,89.01
2019-07-26,92.8
2019-07-27,
2019-07-28,102.82
2019-07-29,
2019-07-30,97.16
2019-07-31,65.3
2019-08-01,61.2
2019-08-02,60.91
2019-08-03,54.9
2019-08-04,54.03
2019-08-05,56.3
2019-08-06,52.87
2019-08-07,48.3
2019-08-08,49.23
2019-08-09,63.18
2019-08-10,66.32
2019-08-11,69.48
2019-08-12,87.95
2019-08-13,44.39
2019-08-14,34.17
2019-08-15,51.32
2019-08-16,88.96
2019-08-17,73.1
2019-08-18,60.79
2019-08-19,87.54
2019-08-20,54.98
2019-08-21,50.89
2019-08-22,91.26
2019-08-23,72.07
2019-08-24,76.95
2019-08-25,66.34
2019-08-26,63.59
2019-08-27,68.39
2019-08-28,124.55
2019-08-29,154.5
2019-08-30,222.39
2019-08-31,126.54
2019-09-01,72.29
2019-09-02,68.55
2019-09-03,59.05
2019-09-04,49.66
2019-09-05,26.95
2019-09-06,23.52
2019-09-07,16.05
2019-09-08,
2019-09-09,18.14
2019-09-10,37.29
2019-09-11,88.35
2019-09-12,103.83
2019-09-13,125.2
2019-09-14,215.56
2019-09-15,78.7
2019-09-16,33.78
2019-09-17,20.33
2019-09-18,15.37
2019-09-19,31.71
2019-09-20,36.68
2019-09-21,32.73
2019-09-22,29.16
2019-09-23,20.13
2019-09-24,16.55
2019-09-25,11.3
2019-09-26,30.07
2019-09-27,22.19
2019-09-28,18.37
2019-09-29,20.15
2019-09-30,11.73
2019-10-01,12.91
2019-10-02,10.28
2019-10-03,9.56
2019-10-04,7.46
2019-10-05,4.6
2019-10-06,6.46
2019-10-07,9.71
2019-10-08,5.97
2019-10-09,10.79
2019-10-10,15.65
2019-10-11,19.0
2019-10-12,13.17
2019-10-13,9.29
2019-10-14,8.0
2019-10-15,7.89
2019-10-16,11.22
2019-10-17,11.42
2019-10-18,9.15
2019-10-19,6.98
2019-10-20,1.49
2019-10-21,24.82
2019-10-22,
2019-10-23,30.3
2019-10-24,32.87
2019-10-25,17.16
2019-10-26,
2019-10-27,10.43
2019-10-28,7.55
2019-10-29,5.24
2019-10-30,10.05
2019-10-31,7.26
2019-11-01,5.95
2019-11-02,4.66
2019-11-03,2.65
2019-11-04,4.69
2019-11-05,2.21
2019-11-06,4.19
2019-11-07,2.1
2019-11-08,1.88
2019-11-09,1.87
2019-11-10,2.69
2019-11-11,2.09
2019-11-12,3.37
2019-11-13,0.9400000000000001
2019-11-14,2.52
2019-11-15,5.21
2019-11-16,1.09
2019-11-17,5.96
2019-11-18,1.09
2019-11-19,3.15
2019-11-20,
2019-11-21,3.17
2019-11-22,3.14
2019-11-23,3.12
2019-11-24,3.14
2019-11-25,3.15
2019-11-26,
2019-11-27,
2019-11-28,3.02
2019-11-29,5.07
2019-11-30,0.98
2019-12-01,0.41000000000000003
2019-12-02,10.63
2019-12-03,
2019-12-04,43.44
2019-12-05,18.38
2019-12-06,10.03
2019-12-07,10.8
2019-12-08,6.48
2019-12-09,5.21
2019-12-10,15.6
2019-12-11,10.03
2019-12-12,5.5600000000000005
2019-12-13,4.59
2019-12-14,4.82
2019-12-15,3.3
2019-12-16,6.6
2019-12-17,0.37
2019-12-18,8.76
2019-12-19,7.25
2019-12-20,12.84
2019-12-21,7.99
2019-12-22,5.27
2019-12-23,5.21
2019-12-24,5.23
2019-12-25,3.16
2019-12-26,4.2
2019-12-27,5.03
2019-12-28,54.87
2019-12-29,91.92
2019-12-30,28.86
2019-12-31,20.06
2020-01-01,23.12
2020-01-02,53.15
2020-01-03,22.23
2020-01-04,22.22
2020-01-05,11.02
2020-01-06,32.79
2020-01-07,53.64
2020-01-08,21.13
2020-01-09,9.78
2020-01-10,21.59
2020-01-11,23.54
2020-01-12,7.33
2020-01-13,19.36
2020-01-14,7.83
2020-01-15,25.36
2020-01-16,27.02
2020-01-17,13.24
2020-01-18,7.64
2020-01-19,22.91
2020-01-20,
2020-01-21,
2020-01-22,25.55
2020-01-23,29.22
2020-01-24,18.53
2020-01-25,12.89
2020-01-26,13.86
2020-01-27,13.79
2020-01-28,6.99
2020-01-29,7.82
2020-01-30,11.12
2020-01-31,12.89
2020-02-01,8.69
2020-02-02,4.5600000000000005
2020-02-03,4.26
2020-02-04,4.44
2020-02-05,15.49
2020-02-06,8.95
2020-02-07,5.53
2020-02-08,16.47
2020-02-09,19.09
2020-02-10,
2020-02-11,
2020-02-12,
2020-02-13,10.46
2020-02-14,2.66
2020-02-15,15.82
2020-02-16,
2020-02-17,
2020-02-18,
2020-02-19,12.48
2020-02-20,13.28
2020-02-21,36.04
2020-02-22,9.4
2020-02-23,7.89
2020-02-24,6.39
2020-02-25,4.9
2020-02-26,3.59
2020-02-27,4.36
2020-02-28,4.57
2020-02-29,3.81
2020-03-01,4.5600000000000005
2020-03-02,3.07
2020-03-03,2.99
2020-03-04,3.04
2020-03-05,0.98
2020-03-06,7.31
2020-03-07,10.66
2020-03-08,7.31
2020-03-09,8.63
2020-03-10,
2020-03-11,
2020-03-12,
2020-03-13,
2020-03-14,
2020-03-15,
2020-03-16,17.03
2020-03-17,10.69
2020-03-18,7.1
2020-03-19,3.59
2020-03-20,3.59
2020-03-21,3.5700000000000003
2020-03-22,2.83
2020-03-23,5.64
2020-03-24,29.73
2020-03-25,24.18
2020-03-26,14.49
2020-03-27,7.21
2020-03-28,6.55
2020-03-29,2.68
2020-03-30,7.33
2020-03-31,6.25
2020-04-01,9.66
2020-04-02,
2020-04-03,3.44
2020-04-04,4.14
2020-04-05,3.84
2020-04-06,11.97
2020-04-07,27.07
2020-04-08,17.97
2020-04-09,13.28
2020-04-10,10.63
2020-04-11,13.95
2020-04-12,7.64
2020-04-13,13.43
2020-04-14,28.36
2020-04-15,23.78
2020-04-16,10.74
2020-04-17,14.76
2020-04-18,12.52
2020-04-19,18.67
2020-04-20,22.01
2020-04-21,28.32
2020-04-22,30.41
2020-04-23,30.86
2020-04-24,26.84
2020-04-25,25.69
2020-04-26,
2020-04-27,19.92
2020-04-28,13.17
2020-04-29,18.9
2020-04-30,16.86
2020-05-01,15.92
2020-05-02,17.21
2020-05-03,15.03
2020-05-04,14.18
2020-05-05,16.22
2020-05-06,16.97
2020-05-07,21.83
2020-05-08,21.05
2020-05-09,16.97
2020-05-10,
2020-05-11,11.43
2020-05-12,9.31
2020-05-13,11.83
2020-05-14,8.15
2020-05-15,12.37
2020-05-16,9.5
2020-05-17,13.58
2020-05-18,13.31
2020-05-19,
2020-05-20,20.41
2020-05-21,
2020-05-22,91.57
2020-05-23,74.07
2020-05-24,68.7
2020-05-25,56.23
2020-05-26,50.33
2020-05-27,48.93
2020-05-28,44.19
2020-05-29,61.81
2020-05-30,103.75
2020-05-31,97.82
2020-06-01,
2020-06-02,82.43
2020-06-03,91.22
2020-06-04,97.77
2020-06-05,104.03
2020-06-06,99.14
2020-06-07,78.04
2020-06-08,
2020-06-09,73.67
2020-06-10,
2020-06-11,113.22
2020-06-12,130.1
2020-06-13,137.26
2020-06-14,142.46
2020-06-15,163.03
2020-06-16,174.16
2020-06-17,162.32
2020-06-18,
2020-06-19,
2020-06-20,
2020-06-21,
2020-06-22,114.78
2020-06-23,127.54
2020-06-24,141.99
2020-06-25,
2020-06-26,143.94
2020-06-27,
2020-06-28,
2020-06-29,
2020-06-30,
2020-07-01,72.45
2020-07-02,70.81
2020-07-03,57.96
2020-07-04,76.04
2020-07-05,84.55
2020-07-06,58.21
2020-07-07,
2020-07-08,34.98
2020-07-09,33.42
2020-07-10,32.95
2020-07-11,36.79
2020-07-12,
2020-07-13,37.57
2020-07-14,
2020-07-15,54.93
2020-07-16,80.87
2020-07-17,
2020-07-18,75.32
2020-07-19,51.44
2020-07-20,
2020-07-21,39.3
2020-07-22,33.11
2020-07-23,30.57
2020-07-24,32.75
2020-07-25,69.74
2020-07-26,134.9
2020-07-27,117.6
2020-07-28,
2020-07-29,74.0
2020-07-30,70.93
2020-07-31,75.25
2020-08-01,88.36
2020-08-02,120.92
2020-08-03,71.85
2020-08-04,91.69
2020-08-05,98.17
2020-08-06,90.83
2020-08-07,101.26
2020-08-08,77.9
2020-08-09,61.45
2020-08-10,64.1
2020-08-11,69.88
2020-08-12,101.5
2020-08-13,83.34
2020-08-14,65.55
2020-08-15,68.64
2020-08-16,69.82
2020-08-17,69.61
2020-08-18,63.63
2020-08-19,57.22
2020-08-20,80.4
2020-08-21,175.45
2020-08-22,139.73
2020-08-23,79.35
2020-08-24,59.5
2020-08-25,37.59
2020-08-26,26.02
2020-08-27,22.91
2020-08-28,23.66
2020-08-29,21.24
2020-08-30,18.1
2020-08-31,17.53
2020-09-01,21.71
2020-09-02,
2020-09-03,61.57
2020-09-04,62.17
2020-09-05,51.33
2020-09-06,
2020-09-07,93.51
2020-09-08,80.14
2020-09-09,43.63
2020-09-10,54.84
2020-09-11,113.26
2020-09-12,67.19
2020-09-13,71.09
2020-09-14,98.15
2020-09-15,106.3
2020-09-16,29.52
2020-09-17,37.92
2020-09-18,34.61
2020-09-19,29.3
2020-09-20,47.25
2020-09-21,88.91
2020-09-22,73.35
2020-09-23,107.98
2020-09-24,66.76
2020-09-25,33.61
2020-09-26,26.65
2020-09-27,33.8
2020-09-28,48.55
2020-09-29,49.81
2020-09-30,48.44
2020-10-01,38.38
2020-10-02,35.06
2020-10-03,43.25
2020-10-04,60.15
2020-10-05,34.91
2020-10-06,29.75
2020-10-07,30.97
2020-10-08,24.0
2020-10-09,17.53
2020-10-10,14.23
2020-10-11,12.27
2020-10-12,8.75
2020-10-13,8.56
2020-10-14,6.83
2020-10-15,9.8
2020-10-16,8.7
2020-10-17,6.62
2020-10-18,6.11
2020-10-19,14.14
2020-10-20,11.37
2020-10-21,12.84
2020-10-22,14.37
2020-10-23,13.01
2020-10-24,
2020-10-25,20.95
2020-10-26,15.32
2020-10-27,15.68
2020-10-28,24.78
2020-10-29,16.3
2020-10-30,15.3
2020-10-31,28.3
2020-11-01,50.29
2020-11-02,27.51
2020-11-03,18.53
2020-11-04,25.88
2020-11-05,43.02
2020-11-06,25.36
2020-11-07,19.71
2020-11-08,14.13
2020-11-09,11.9
2020-11-10,16.12
2020-11-11,
2020-11-12,11.9
2020-11-13,12.34
2020-11-14,24.2
2020-11-15,80.27
2020-11-16,
2020-11-17,
2020-11-18,
2020-11-19,40.72
2020-11-20,43.29
2020-11-21,47.58
2020-11-22,22.71
2020-11-23,23.01
2020-11-24,56.26
2020-11-25,25.32
2020-11-26,15.72
2020-11-27,10.78
2020-11-28,9.54
2020-11-29,
2020-11-30,8.93
2020-12-01,9.73
2020-12-02,10.35
2020-12-03,7.16
2020-12-04,4.67
2020-12-05,7.45
2020-12-06,5.28
2020-12-07,8.46
2020-12-08,
2020-12-09,5.18
2020-12-10,3.94
2020-12-11,5.71
2020-12-12,3.88
2020-12-13,5.66
2020-12-14,4.74
2020-12-15,4.72
2020-12-16,10.81
2020-12-17,8.96
2020-12-18,26.93
2020-12-19,43.47
2020-12-20,23.07
2020-12-21,20.71
2020-12-22,14.31
2020-12-23,9.62
2020-12-24,7.91
2020-12-25,7.77
2020-12-26,8.81
2020-12-27,7.65
2020-12-28,5.8100000000000005
2020-12-29,5.07
2020-12-30,4.31
2020-12-31,3.81
2021-01-01,4.88
2021-01-02,2.17
2021-01-03,1.83
2021-01-04,1.76
2021-01-05,2.83
2021-01-06,1.74
2021-01-07,1.67
2021-01-08,4.74
2021-01-09,3.04
2021-01-10,3.29
2021-01-11,1.58
2021-01-12,2.36
2021-01-13,1.96
2021-01-14,0.76
2021-01-15,1.56
2021-01-16,2.14
2021-01-17,0.92
2021-01-18,2.3
2021-01-19,3.31
2021-01-20,5.52
2021-01-21,2.95
2021-01-22,5.51
2021-01-23,3.3
2021-01-24,1.8599999999999999
2021-01-25,2.1
2021-01-26,2.11
2021-01-27,1.24
2021-01-28,1.2
2021-01-29,2.11
2021-01-30,2.35
2021-01-31,1.44
2021-02-01,0.97
2021-02-02,1.67
2021-02-03,
2021-02-04,
2021-02-05,1.1400000000000001
2021-02-06,1.9500000000000002
2021-02-07,0.17
2021-02-08,1.51
2021-02-09,0.99
2021-02-10,
2021-02-11,
2021-02-12,
2021-02-13,
2021-02-14,1.9300000000000002
2021-02-15,1.01
2021-02-16,1.81
2021-02-17,1.4
2021-02-18,
2021-02-19,4.39
2021-02-20,4.91
2021-02-21,7.64
2021-02-22,10.95
2021-02-23,28.86
2021-02-24,39.19
2021-02-25,30.64
2021-02-26,18.25
2021-02-27,14.89
2021-02-28,13.03
2021-03-01,15.38
2021-03-02,12.04
2021-03-03,7.51
2021-03-04,6.5
2021-03-05,6.32
2021-03-06,4.53
2021-03-07,3.95
2021-03-08,3.62
2021-03-09,2.7800000000000002
2021-03-10,6.41
2021-03-11,4.73
2021-03-12,4.5
2021-03-13,3.07
2021-03-14,3.22
2021-03-15,2.87
2021-03-16,2.33
2021-03-17,3.01
2021-03-18,1.53
2021-03-19,3.01
2021-03-20,4.41
2021-03-21,3.17
2021-03-22,3.52
2021-03-23,10.56
2021-03-24,
2021-03-25,8.29
2021-03-26,14.45
2021-03-27,9.0
2021-03-28,20.19
2021-03-29,29.16
2021-03-30,23.33
2021-03-31,13.37
2021-04-01,9.57
2021-04-02,8.07
2021-04-03,15.93
2021-04-04,13.24
2021-04-05,7.45
2021-04-06,5.21
2021-04-07,10.21
2021-04-08,7.7
2021-04-09,4.7
2021-04-10,3.98
2021-04-11,3.05
2021-04-12,3.31
2021-04-13,3.79
2021-04-14,3.7800000000000002
2021-04-15,4.43
2021-04-16,5.23
2021-04-17,6.93
2021-04-18,10.76
2021-04-19,14.38
2021-04-20,14.45
2021-04-21,10.24
2021-04-22,6.61
2021-04-23,5.91
2021-04-24,5.35
2021-04-25,4.84
2021-04-26,6.28
2021-04-27,7.16
2021-04-28,8.06
2021-04-29,8.39
2021-04-30,8.34
2021-05-01,8.96
2021-05-02,10.48
2021-05-03,9.12
2021-05-04,7.48
2021-05-05,8.64
2021-05-06,8.76
2021-05-07,10.24
2021-05-08,10.03
2021-05-09,20.19
2021-05-10,48.09
2021-05-11,44.29
2021-05-12,53.64
2021-05-13,75.78
2021-05-14,81.46
2021-05-15,63.03
2021-05-16,53.7
2021-05-17,43.69
2021-05-18,35.45
2021-05-19,35.33
2021-05-20,30.22
2021-05-21,28.49
2021-05-22,31.93
2021-05-23,36.85
2021-05-24,40.49
2021-05-25,42.72
2021-05-26,43.2
2021-05-27,41.17
2021-05-28,51.5
2021-05-29,72.77
2021-05-30,67.92
2021-05-31,66.78
2021-06-01,76.31
2021-06-02,75.32
2021-06-03,67.83
2021-06-04,68.58
2021-06-05,72.13
2021-06-06,63.1
2021-06-07,62.59
2021-06-08,56.46
2021-06-09,64.06
2021-06-10,108.89
2021-06-11,95.55
2021-06-12,53.98
2021-06-13,70.57
2021-06-14,60.71
2021-06-15,
2021-06-16,
2021-06-17,
2021-06-18,55.13
2021-06-19,48.92
2021-06-20,59.39
2021-06-21,50.4
2021-06-22,45.61
2021-06-23,48.66
2021-06-24,61.28
2021-06-25,71.5
2021-06-26,63.43
2021-06-27,53.85
2021-06-28,55.59
2021-06-29,59.35
2021-06-30,57.74
2021-07-01,60.23
2021-07-02,68.95
2021-07-03,77.4
2021-07-04,79.2
2021-07-05,84.26
2021-07-06,82.11
2021-07-07,67.0
2021-07-08,65.27
2021-07-09,67.78
2021-07-10,65.8
2021-07-11,58.16
2021-07-12,61.64
2021-07-13,68.57
2021-07-14,69.64
2021-07-15,50.02
2021-07-16,58.41
2021-07-17,71.25
2021-07-18,44.9
2021-07-19,44.62
2021-07-20,39.15
2021-07-21,45.09
2021-07-22,52.87
2021-07-23,60.37
2021-07-24,64.83
2021-07-25,64.83
2021-07-26,81.3
2021-07-27,100.1
2021-07-28,80.1
2021-07-29,72.86
2021-07-30,55.83
2021-07-31,48.42
2021-08-01,40.08
2021-08-02,33.76
2021-08-03,31.96
2021-08-04,33.4
2021-08-05,39.01
2021-08-06,45.1
2021-08-07,41.51
2021-08-08,40.74
2021-08-09,46.39
2021-08-10,43.67
2021-08-11,42.07
2021-08-12,49.42
2021-08-13,48.78
2021-08-14,40.79
2021-08-15,39.59
2021-08-16,39.49
2021-08-17,36.02
2021-08-18,34.19
2021-08-19,30.71
2021-08-20,26.63
2021-08-21,25.34
2021-08-22,24.89
2021-08-23,23.43
2021-08-24,54.36
2021-08-25,38.26
2021-08-26,32.3
2021-08-27,32.6
2021-08-28,30.65
2021-08-29,31.1
2021-08-30,32.61
2021-08-31,33.38
2021-09-01,37.02
2021-09-02,38.92
2021-09-03,27.26
2021-09-04,25.45
2021-09-05,26.47
2021-09-06,51.94
2021-09-07,
2021-09-08,72.02
2021-09-09,63.21
2021-09-10,72.63
2021-09-11,63.1
2021-09-12,38.25
2021-09-13,26.93
2021-09-14,21.76
2021-09-15,27.49
2021-09-16,23.45
2021-09-17,17.75
2021-09-18,16.26
2021-09-19,17.66
2021-09-20,34.73
2021-09-21,53.65
2021-09-22,47.91
2021-09-23,47.17
2021-09-24,51.2
2021-09-25,29.48
2021-09-26,57.99
2021-09-27,116.4
2021-09-28,36.86
2021-09-29,34.43
2021-09-30,41.44
2021-10-01,55.54
2021-10-02,94.89
2021-10-03,68.33
2021-10-04,61.9
2021-10-05,31.83
2021-10-06,24.99
2021-10-07,77.49
2021-10-08,103.09
2021-10-09,79.65
2021-10-10,49.4
2021-10-11,26.1
2021-10-12,22.98
2021-10-13,131.89
2021-10-14,73.61
2021-10-15,27.79
2021-10-16,17.09
2021-10-17,11.15
2021-10-18,
2021-10-19,
2021-10-20,69.78
2021-10-21,28.14
2021-10-22,20.75
2021-10-23,25.48
2021-10-24,69.16
2021-10-25,50.05
2021-10-26,66.17
2021-10-27,150.94
2021-10-28,203.77
2021-10-29,82.18
2021-10-30,72.02
2021-10-31,34.94
2021-11-01,27.6
2021-11-02,19.71
2021-11-03,15.23
2021-11-04,13.09
2021-11-05,14.19
2021-11-06,12.58
2021-11-07,9.65
2021-11-08,
2021-11-09,34.27
2021-11-10,35.76
2021-11-11,18.46
2021-11-12,11.68
2021-11-13,6.13
2021-11-14,9.22
2021-11-15,21.32
2021-11-16,41.14
2021-11-17,22.64
2021-11-18,79.99
2021-11-19,42.1
2021-11-20,18.6
2021-11-21,14.63
2021-11-22,13.56
2021-11-23,26.13
2021-11-24,16.83
2021-11-25,11.01
2021-11-26,8.67
2021-11-27,4.9
2021-11-28,6.03
2021-11-29,6.16
2021-11-30,3.01
2021-12-01,4.85
2021-12-02,3.5700000000000003
2021-12-03,5.57
2021-12-04,2.61
2021-12-05,3.08
2021-12-06,3.2800000000000002
2021-12-07,1.76
2021-12-08,2.16
2021-12-09,2.49
2021-12-10,3.44
2021-12-11,4.96
2021-12-12,3.46
2021-12-13,10.89
2021-12-14,15.93
2021-12-15,23.31
2021-12-16,11.99
2021-12-17,16.75
2021-12-18,22.49
2021-12-19,10.87
2021-12-20,7.35
2021-12-21,8.03
2021-12-22,4.77
2021-12-23,2.77
2021-12-24,3.81
2021-12-25,3.14
2021-12-26,4.76
2021-12-27,3.1
2021-12-28,3.61
2021-12-29,9.39
2021-12-30,10.44
2021-12-31,10.11
2022-01-01,10.06
2022-01-02,14.93
2022-01-03,12.91
2022-01-04,5.93
2022-01-05,4.12
2022-01-06,4.13
2022-01-07,4.07
2022-01-08,3.48
2022-01-09,2.27
2022-01-10,3.25
2022-01-11,37.46
2022-01-12,157.07
2022-01-13,93.99
2022-01-14,22.58
2022-01-15,17.56
2022-01-16,7.52
2022-01-17,10.24
2022-01-18,17.12
2022-01-19,8.73
2022-01-20,5.63
2022-01-21,6.73
2022-01-22,4.44
2022-01-23,25.29
2022-01-24,17.3
2022-01-25,14.69
2022-01-26,14.69
2022-01-27,10.09
2022-01-28,17.94
2022-01-29,9.92
2022-01-30,6.48
2022-01-31,7.78
2022-02-01,5.75
2022-02-02,8.96
2022-02-03,7.93
2022-02-04,10.41
2022-02-05,9.85
2022-02-06,5.24
2022-02-07,10.78
2022-02-08,12.29
2022-02-09,9.78
2022-02-10,5.66
2022-02-11,6.09
2022-02-12,8.32
2022-02-13,
2022-02-14,5.42
2022-02-15,4.66
2022-02-16,4.41
2022-02-17,3.2800000000000002
2022-02-18,4.5
2022-02-19,5.83
2022-02-20,2.22
2022-02-21,6.21
2022-02-22,11.8
2022-02-23,8.0
2022-02-24,5.98
2022-02-25,4.83
2022-02-26,
2022-02-27,3.75
2022-02-28,6.97
2022-03-01,6.77
2022-03-02,3.8200000000000003
2022-03-03,3.19
2022-03-04,2.94
2022-03-05,3.43
2022-03-06,3.63
2022-03-07,2.87
2022-03-08,2.9
2022-03-09,2.37
2022-03-10,3.29
2022-03-11,2.66
2022-03-12,4.03
2022-03-13,3.5300000000000002
2022-03-14,1.43
2022-03-15,3.77
2022-03-16,3.22
2022-03-17,5.02
2022-03-18,4.35
2022-03-19,3.32
2022-03-20,4.0
2022-03-21,3.54
2022-03-22,3.83
2022-03-23,3.16
2022-03-24,11.87
2022-03-25,17.63
2022-03-26,
2022-03-27,24.48
2022-03-28,15.97
2022-03-29,10.09
2022-03-30,7.58
2022-03-31,6.61
2022-04-01,6.39
2022-04-02,6.05
2022-04-03,5.74
2022-04-04,4.43
2022-04-05,4.35
2022-04-06,4.31
2022-04-07,2.0
2022-04-08,1.6600000000000001
2022-04-09,9.89
2022-04-10,4.87
2022-04-11,4.32
2022-04-12,4.68
2022-04-13,6.24
2022-04-14,7.95
2022-04-15,10.69
2022-04-16,11.05
2022-04-17,13.6
2022-04-18,18.24
2022-04-19,20.17
2022-04-20,23.93
2022-04-21,36.83
2022-04-22,43.89
2022-04-23,37.74
2022-04-24,32.43
2022-04-25,29.53
2022-04-26,23.97
2022-04-27,21.84
2022-04-28,20.07
2022-04-29,21.46
2022-04-30,21.46
2022-05-01,23.43
2022-05-02,20.75
2022-05-03,14.7
2022-05-04,17.46
2022-05-05,36.68
2022-05-06,46.12
2022-05-07,28.0
2022-05-08,24.96
2022-05-09,41.21
2022-05-10,67.84
2022-05-11,55.94
2022-05-12,48.95
2022-05-13,40.99
2022-05-14,35.57
2022-05-15,40.05
2022-05-16,37.55
2022-05-17,41.89
2022-05-18,43.77
2022-05-19,48.09
2022-05-20,67.92
2022-05-21,60.46
2022-05-22,77.39
2022-05-23,179.09
2022-05-24,116.56
2022-05-25,80.96
2022-05-26,55.34
2022-05-27,50.73
2022-05-28,43.05
2022-05-29,
2022-05-30,
2022-05-31,
2022-06-01,
2022-06-02,70.56
2022-06-03,68.66
2022-06-04,61.43
2022-06-05,54.02
2022-06-06,66.86
2022-06-07,82.52
2022-06-08,81.53
2022-06-09,82.74
2022-06-10,89.55
2022-06-11,153.12
2022-06-12,107.21
2022-06-13,80.65
2022-06-14,64.31
2022-06-15,61.6
2022-06-16,80.04
2022-06-17,103.37
2022-06-18,60.66
2022-06-19,48.85
2022-06-20,58.44
2022-06-21,54.67
2022-06-22,82.26
2022-06-23,97.44
2022-06-24,121.07
2022-06-25,133.05
2022-06-26,161.38
2022-06-27,141.27
2022-06-28,100.55
2022-06-29,103.99
2022-06-30,113.02
2022-07-01,140.54
2022-07-02,116.67
2022-07-03,97.76
2022-07-04,74.81
2022-07-05,78.53
2022-07-06,65.9
2022-07-07,49.46
2022-07-08,83.2
2022-07-09,56.93
2022-07-10,49.72
2022-07-11,68.07
2022-07-12,80.48
2022-07-13,68.29
2022-07-14,45.4
2022-07-15,35.39
2022-07-16,38.39
2022-07-17,56.29
2022-07-18,52.88
2022-07-19,72.78
2022-07-20,106.08
2022-07-21,68.41
2022-07-22,62.58
2022-07-23,66.92
2022-07-24,137.61
2022-07-25,116.69
2022-07-26,73.94
2022-07-27,51.36
2022-07-28,43.37
2022-07-29,48.51
2022-07-30,56.83
2022-07-31,48.77
2022-08-01,66.12
2022-08-02,168.25
2022-08-03,164.92
2022-08-04,96.12
2022-08-05,61.25
2022-08-06,58.77
2022-08-07,45.35
2022-08-08,51.5
2022-08-09,97.44
2022-08-10,123.39
2022-08-11,102.69
2022-08-12,83.68
2022-08-13,73.11
2022-08-14,71.59
2022-08-15,76.99
2022-08-16,86.5
2022-08-17,55.83
2022-08-18,63.16
2022-08-19,69.44
2022-08-20,60.6
2022-08-21,59.95
2022-08-22,39.08
2022-08-23,38.64
2022-08-24,64.81
2022-08-25,81.42
2022-08-26,52.53
2022-08-27,37.88
2022-08-28,36.09
2022-08-29,32.81
2022-08-30,28.86
2022-08-31,29.16
2022-09-01,29.04
2022-09-02,26.2
2022-09-03,25.73
2022-09-04,25.11
2022-09-05,23.04
2022-09-06,22.02
2022-09-07,20.6
2022-09-08,18.36
2022-09-09,16.5
2022-09-10,15.8
2022-09-11,31.52
2022-09-12,84.54
2022-09-13,45.64
2022-09-14,28.6
2022-09-15,24.63
2022-09-16,22.32
